

CREATE TABLE `abonos` (
  `id` int(11) NOT NULL AUTO_INCREMENT,
  `abono` decimal(10,2) NOT NULL,
  `fecha` timestamp NOT NULL DEFAULT current_timestamp() ON UPDATE current_timestamp(),
  `apertura` int(11) NOT NULL DEFAULT 1,
  `id_credito` int(11) NOT NULL,
  `id_usuario` int(11) NOT NULL,
  PRIMARY KEY (`id`),
  KEY `id_credito` (`id_credito`),
  CONSTRAINT `abonos_ibfk_1` FOREIGN KEY (`id_credito`) REFERENCES `creditos` (`id`)
) ENGINE=InnoDB AUTO_INCREMENT=44 DEFAULT CHARSET=latin1 COLLATE=latin1_swedish_ci;


INSERT INTO abonos VALUES
("1","5.40","2023-03-08 19:30:51","1","9","1"),
("2","2.00","2023-03-09 18:22:20","1","19","1"),
("3","4.00","2023-03-10 10:26:42","1","2","1"),
("4","3.00","2023-03-10 17:17:04","1","6","1"),
("5","3.00","2023-03-10 17:19:32","1","14","1"),
("6","3.00","2023-03-10 17:21:08","1","17","1"),
("7","10.00","2023-03-13 08:27:32","1","28","1"),
("8","6.00","2023-03-13 16:25:10","1","4","1"),
("9","3.25","2023-03-14 07:32:42","1","26","1"),
("10","1.00","2023-03-14 07:41:32","1","22","1"),
("11","6.50","2023-03-14 07:45:03","1","24","1"),
("12","20.00","2023-03-14 08:58:28","1","39","1"),
("13","5.00","2023-03-14 11:25:51","1","25","1"),
("14","2.00","2023-03-14 18:13:56","1","35","1"),
("15","20.00","2023-03-15 08:31:49","1","31","1"),
("16","4.00","2023-03-15 12:12:27","1","21","1"),
("17","2.00","2023-03-15 17:30:34","1","37","1"),
("18","2.00","2023-03-15 17:43:18","1","44","1"),
("19","3.00","2023-03-15 17:45:51","1","40","1"),
("20","2.00","2023-03-15 17:48:34","1","30","1"),
("21","3.40","2023-03-15 17:57:47","1","9","1"),
("22","10.00","2023-03-15 19:39:30","1","39","1"),
("23","1.00","2023-03-15 19:41:59","1","20","1"),
("24","3.00","2023-03-15 19:47:15","1","55","1"),
("25","1.20","2023-03-16 10:42:58","1","59","1"),
("26","15.00","2023-03-16 17:07:08","1","34","1"),
("27","15.00","2023-03-16 17:09:24","1","41","1"),
("28","10.00","2023-03-16 17:11:44","1","57","1"),
("29","35.00","2023-03-16 17:30:01","1","64","1"),
("30","0.80","2023-03-16 17:32:49","1","64","1"),
("31","20.80","2023-03-16 17:50:30","1","66","1"),
("32","3.00","2023-03-16 18:48:14","1","15","1"),
("33","1.50","2023-03-17 12:17:56","1","25","1"),
("34","5.00","2023-03-17 12:54:12","1","39","1"),
("35","3.00","2023-03-17 15:54:18","1","51","1"),
("36","5.00","2023-03-20 08:18:45","1","39","1"),
("37","9.00","2023-03-20 12:07:08","1","49","1"),
("38","6.00","2023-03-20 12:09:31","1","48","1"),
("39","5.00","2023-03-20 12:11:36","1","39","1"),
("40","3.25","2023-03-20 12:21:15","1","69","1"),
("41","17.50","2023-03-20 12:25:43","1","71","1"),
("42","7.00","2023-03-20 18:19:35","1","60","1"),
("43","50.00","2023-03-21 08:21:23","1","66","1");




CREATE TABLE `acceso` (
  `id` int(11) NOT NULL AUTO_INCREMENT,
  `evento` varchar(30) NOT NULL,
  `ip` varchar(50) NOT NULL,
  `detalle` text NOT NULL,
  `fecha` timestamp NOT NULL DEFAULT current_timestamp() ON UPDATE current_timestamp(),
  PRIMARY KEY (`id`)
) ENGINE=InnoDB AUTO_INCREMENT=5 DEFAULT CHARSET=utf8mb4 COLLATE=utf8mb4_general_ci;


INSERT INTO acceso VALUES
("1","Inicio de Sesión","192.168.1.145","Mozilla/5.0 (Linux; Android 8.1.0; moto e5 (XT1920DL)) AppleWebKit/537.36 (KHTML, like Gecko) Chrome/111.0.0.0 Mobile Safari/537.36","2023-03-21 21:04:37"),
("2","Cierre de Sesión","192.168.1.145","Mozilla/5.0 (Linux; Android 8.1.0; moto e5 (XT1920DL)) AppleWebKit/537.36 (KHTML, like Gecko) Chrome/111.0.0.0 Mobile Safari/537.36","2023-03-21 21:07:23"),
("3","Cierre de Sesión","192.168.1.138","Mozilla/5.0 (Windows NT 10.0; Win64; x64; rv:109.0) Gecko/20100101 Firefox/111.0","2023-03-21 21:15:22"),
("4","Inicio de Sesión","::1","Mozilla/5.0 (Windows NT 10.0; Win64; x64) AppleWebKit/537.36 (KHTML, like Gecko) Chrome/111.0.0.0 Safari/537.36","2023-03-24 13:26:10");




CREATE TABLE `apartados` (
  `id` int(11) NOT NULL AUTO_INCREMENT,
  `productos` longtext NOT NULL,
  `fecha_create` date DEFAULT NULL,
  `fecha_apartado` datetime NOT NULL,
  `fecha_retiro` datetime NOT NULL,
  `abono` decimal(10,2) NOT NULL,
  `total` decimal(10,2) NOT NULL,
  `color` varchar(15) NOT NULL,
  `estado` int(11) NOT NULL DEFAULT 1,
  `id_cliente` int(11) NOT NULL,
  `id_usuario` int(11) NOT NULL,
  PRIMARY KEY (`id`),
  KEY `id_cliente` (`id_cliente`),
  CONSTRAINT `apartados_ibfk_1` FOREIGN KEY (`id_cliente`) REFERENCES `clientes` (`id`)
) ENGINE=InnoDB DEFAULT CHARSET=latin1 COLLATE=latin1_swedish_ci;






CREATE TABLE `categorias` (
  `id` int(11) NOT NULL AUTO_INCREMENT,
  `categoria` varchar(100) NOT NULL,
  `fecha` timestamp NOT NULL DEFAULT current_timestamp() ON UPDATE current_timestamp(),
  `estado` int(11) NOT NULL DEFAULT 1,
  PRIMARY KEY (`id`)
) ENGINE=InnoDB AUTO_INCREMENT=5 DEFAULT CHARSET=latin1 COLLATE=latin1_swedish_ci;


INSERT INTO categorias VALUES
("1","BEBIDAS","2023-03-03 11:02:17","1"),
("2","ALIMENTO","2023-03-03 11:50:47","1"),
("3","CAFE","2023-03-04 09:26:59","1"),
("4","SUPLEMENTOS","2023-03-06 08:43:33","1");




CREATE TABLE `cierre_caja` (
  `id` int(11) NOT NULL AUTO_INCREMENT,
  `monto_inicial` decimal(10,2) NOT NULL,
  `fecha_apertura` date NOT NULL,
  `fecha_cierre` date DEFAULT NULL,
  `monto_final` decimal(10,2) DEFAULT NULL,
  `total_ventas` int(11) DEFAULT NULL,
  `egresos` decimal(10,2) DEFAULT NULL,
  `gastos` decimal(10,2) DEFAULT NULL,
  `estado` int(11) NOT NULL DEFAULT 1,
  `id_usuario` int(11) NOT NULL,
  PRIMARY KEY (`id`),
  KEY `id_usuario` (`id_usuario`),
  CONSTRAINT `cierre_caja_ibfk_1` FOREIGN KEY (`id_usuario`) REFERENCES `usuarios` (`id`)
) ENGINE=InnoDB AUTO_INCREMENT=4 DEFAULT CHARSET=latin1 COLLATE=latin1_swedish_ci;


INSERT INTO cierre_caja VALUES
("1","20.00","2023-03-03","2023-03-07","0.00","12","0.00","0.00","0","1"),
("2","50.00","2023-03-07","2023-03-08","0.00","3","24.10","0.00","0","1"),
("3","26.00","2023-03-08","","","","","","1","1");




CREATE TABLE `clientes` (
  `id` int(11) NOT NULL AUTO_INCREMENT,
  `identidad` varchar(50) NOT NULL,
  `num_ci` varchar(15) NOT NULL,
  `nombre` varchar(200) NOT NULL,
  `telefono` varchar(15) NOT NULL,
  `correo` varchar(100) DEFAULT NULL,
  `direccion` varchar(200) NOT NULL,
  `fecha` timestamp NOT NULL DEFAULT current_timestamp() ON UPDATE current_timestamp(),
  `estado` int(11) NOT NULL DEFAULT 1,
  PRIMARY KEY (`id`)
) ENGINE=InnoDB AUTO_INCREMENT=32 DEFAULT CHARSET=latin1 COLLATE=latin1_swedish_ci;


INSERT INTO clientes VALUES
("1","V","20808632","ARNALDO GONZALEZ","04148696650","","<p>San Félix</p>","2023-03-20 16:48:05","1"),
("2","V","14509161","RONNY FLORES","04143875701","","<p>La Churuata&nbsp;</p>","2023-03-03 14:50:09","1"),
("3","V","9950389","GERMAN LEMUS","04148711150","","<p>Los Olivos</p>","2023-03-20 16:47:48","1"),
("4","V","19094489","YOJAIRA TURKA","04149929018","","<p>Los Olivos&nbsp;</p>","2023-03-06 16:34:05","1"),
("5","V","25387103","PEDRO MISTERIO","04148682232","","<p>Pto Ordaz</p>","2023-03-06 17:16:48","1"),
("6","V","20252369","RASHAD YOUNES","04249020695","","<p>Los Olivos&nbsp;</p>","2023-03-20 16:48:20","1"),
("7","V","20504067","NAYRETH ANTUAREZ","04147654382","","<p>Pto Ordaz&nbsp;</p>","2023-03-07 08:20:20","1"),
("8","V","19331229","GREISY","04140986923","","<p>Los Olivos&nbsp;</p>","2023-03-07 10:00:41","1"),
("9","V","19804237","PAOLA GONZALEZ","04147706816","","<p>Jardin Levante Alta Vista Sur&nbsp;</p>","2023-03-07 14:50:28","1"),
("10","V","30905323","YANIER RODRIGUEZ","04148931804","","<p>Los Mangos&nbsp;</p>","2023-03-07 16:05:26","1"),
("11","V","20598632","DANIELBA BOLIVAR","04121175418","","<p>Los Olivos&nbsp;</p>","2023-03-08 08:21:52","1"),
("12","V","20596356","MOROCHO","04249058410","","<p>Los Olivos&nbsp;</p>","2023-03-08 11:25:48","1"),
("13","V","20597863","YAI MARIA","04249602845","","<p>Villa Asia</p>","2023-03-20 16:50:22","1"),
("14","V","26359366","LUIS COELLO","04120885348","","<p>Los Mangos&nbsp;</p>","2023-03-09 18:16:31","1"),
("15","V","00000000","VENTA RAPIDA","04249219865","","<p>cc los olivos local 12&nbsp;</p>","2023-03-10 10:48:57","1"),
("16","V","26362207","VICTOR PLAZZI","04249678628","","<p>Los Saltos&nbsp;</p>","2023-03-10 12:39:18","1"),
("17","V","22639454","NELLY RUJANO","04148952285","","<p>Los Olivos</p>","2023-03-10 12:51:52","1"),
("18","V","20589632","ANABEL GIL","04249683126","","<p>Villa Asia&nbsp;</p>","2023-03-10 15:17:22","1"),
("19","V","2536963","FELIX","04249481032","","<p>Los Olivos</p>","2023-03-20 16:50:02","1"),
("20","V","19419237","PAOLA GARCIA","04249107479","","<p>Vila Asia&nbsp;</p>","2023-03-13 16:04:52","1"),
("21","V","17289843","EDISSON BELLRIN","04249581449","","<p>Pto Ordaz</p>","2023-03-20 16:50:56","1"),
("22","V","25987463","RAWY FREITES","04249709582","","<p>Los Olivos&nbsp;</p>","2023-03-13 16:30:36","1"),
("23","V","14726833","NELLYS ABREU","04249072793","","<p>La Churuata</p>","2023-03-20 16:51:19","1"),
("24","V","28619834","ISABEL RAMOS","04244178936","","<p>Los Olivos&nbsp;</p>","2023-03-20 16:47:12","1"),
("25","V","20589636","PAOLA BERMUDEZ","04148825134","","<p>Los Olivos</p>","2023-03-20 16:51:41","1"),
("26","V","22590454","GARIC DÍAZ","04127435460","","<p>Pto Ordaz</p>","2023-03-15 14:45:44","1"),
("27","V","259863","ROSELIN","04267987935","","<p>Los Olivos</p>","2023-03-16 10:47:06","1"),
("28","V","20584796","ABRAHAM CASTRO","04148850919","","<p>Pto Ordaz&nbsp;</p>","2023-03-16 17:21:47","1"),
("29","V","18460472","ARMENIA DEL NOGAL","04249124926","","<p>Los Mangos</p>","2023-03-20 16:42:36","1"),
("30","V","20345678","CAROLINA PANIZ","04148964748","","<p>Los Olivos</p>","2023-03-20 16:44:45","1"),
("31","V","25849032","MATÍAS LOVERA","04148787778","","<p>Los Olivos</p>","2023-03-20 17:48:07","1");




CREATE TABLE `compras` (
  `id` int(11) NOT NULL AUTO_INCREMENT,
  `productos` longtext NOT NULL,
  `total` decimal(10,2) NOT NULL,
  `fecha` date NOT NULL,
  `hora` time NOT NULL,
  `serie` varchar(20) NOT NULL,
  `estado` int(11) NOT NULL DEFAULT 1,
  `apertura` int(11) NOT NULL DEFAULT 1,
  `id_proveedor` int(11) NOT NULL,
  `id_usuario` int(11) NOT NULL,
  PRIMARY KEY (`id`),
  KEY `id_proveedor` (`id_proveedor`),
  KEY `id_usuario` (`id_usuario`),
  CONSTRAINT `compras_ibfk_1` FOREIGN KEY (`id_proveedor`) REFERENCES `proveedor` (`id`),
  CONSTRAINT `compras_ibfk_2` FOREIGN KEY (`id_usuario`) REFERENCES `usuarios` (`id`)
) ENGINE=InnoDB AUTO_INCREMENT=5 DEFAULT CHARSET=latin1 COLLATE=latin1_swedish_ci;


INSERT INTO compras VALUES
("1","[{\"id\":\"18\",\"nombre\":\"SPEED LATA (24 UND )\",\"precio\":\"10.30\",\"cantidad\":1},{\"id\":\"19\",\"nombre\":\"GATORADE CAJA 12 UND\",\"precio\":\"13.80\",\"cantidad\":1}]","24.10","2023-03-07","15:54:19","0002","1","0","2","1"),
("2","[{\"id\":\"17\",\"nombre\":\"AGUA MINALBA (24 UND)\",\"precio\":\"14.00\",\"cantidad\":1}]","14.00","2023-03-08","16:05:21","0002","1","1","1","1"),
("3","[{\"id\":\"19\",\"nombre\":\"GATORADE CAJA 12 UND\",\"precio\":\"13.80\",\"cantidad\":1},{\"id\":\"18\",\"nombre\":\"SPEED LATA (24 UND )\",\"precio\":\"10.30\",\"cantidad\":1}]","24.10","2023-03-14","16:29:47","0002","1","1","2","1"),
("4","[{\"id\":\"31\",\"nombre\":\"CAJA MALTA 36 UND\",\"precio\":\"14.00\",\"cantidad\":1}]","14.00","2023-03-15","17:49:29","0004","1","1","1","1");




CREATE TABLE `configuracion` (
  `id` int(11) NOT NULL AUTO_INCREMENT,
  `rif` int(12) NOT NULL,
  `nombre` varchar(200) NOT NULL,
  `telefono` varchar(50) NOT NULL,
  `correo` varchar(100) NOT NULL,
  `direccion` text NOT NULL,
  `mensaje` text NOT NULL,
  `impuesto` int(11) NOT NULL DEFAULT 0,
  PRIMARY KEY (`id`)
) ENGINE=InnoDB AUTO_INCREMENT=2 DEFAULT CHARSET=latin1 COLLATE=latin1_swedish_ci;


INSERT INTO configuracion VALUES
("1","502226605","INGSHOP","04249219865","ingshopve@gmail.com","CC. Los Olivos local 12. Puerto Ordaz- Estado Bolivar","<p>Somos tienda fisica en Puerto Ordaz. Productos importados con los mejores precios del mercado.</p>","0");




CREATE TABLE `creditos` (
  `id` int(11) NOT NULL AUTO_INCREMENT,
  `monto` decimal(10,2) NOT NULL,
  `fecha` date NOT NULL,
  `hora` time NOT NULL,
  `estado` int(11) NOT NULL DEFAULT 1,
  `id_venta` int(11) NOT NULL,
  PRIMARY KEY (`id`),
  KEY `id_venta` (`id_venta`),
  CONSTRAINT `creditos_ibfk_1` FOREIGN KEY (`id_venta`) REFERENCES `ventas` (`id`)
) ENGINE=InnoDB AUTO_INCREMENT=96 DEFAULT CHARSET=latin1 COLLATE=latin1_swedish_ci;


INSERT INTO creditos VALUES
("1","6.00","2023-03-03","00:00:00","1","1"),
("2","4.00","2023-03-03","00:00:00","0","3"),
("4","6.00","2023-03-06","00:00:00","0","5"),
("5","3.00","2023-03-06","00:00:00","1","6"),
("6","3.00","2023-03-06","00:00:00","0","7"),
("8","5.00","2023-03-06","00:00:00","1","9"),
("9","8.80","2023-03-07","00:00:00","0","10"),
("10","6.50","2023-03-07","00:00:00","1","11"),
("11","3.00","2023-03-07","00:00:00","1","12"),
("12","1.00","2023-03-07","00:00:00","1","13"),
("13","0.80","2023-03-08","00:00:00","0","14"),
("14","3.00","2023-03-08","00:00:00","0","15"),
("15","3.00","2023-03-08","00:00:00","0","16"),
("16","35.00","2023-03-08","00:00:00","2","17"),
("17","3.00","2023-03-08","00:00:00","0","18"),
("18","0.80","2023-03-09","00:00:00","0","19"),
("19","2.00","2023-03-09","00:00:00","0","20"),
("20","1.00","2023-03-09","00:00:00","0","21"),
("21","4.00","2023-03-09","00:00:00","0","22"),
("22","1.00","2023-03-10","00:00:00","0","24"),
("23","1.00","2023-03-10","00:00:00","1","25"),
("24","6.50","2023-03-10","00:00:00","0","27"),
("25","6.50","2023-03-10","00:00:00","0","28"),
("26","3.25","2023-03-10","00:00:00","0","29"),
("27","0.80","2023-03-10","00:00:00","0","31"),
("28","35.00","2023-03-11","00:00:00","2","32"),
("29","10.00","2023-03-11","00:00:00","2","33"),
("30","2.00","2023-03-11","00:00:00","0","35"),
("31","40.00","2023-03-13","00:00:00","1","36"),
("32","3.25","2023-03-13","00:00:00","1","37"),
("33","20.00","2023-03-13","00:00:00","1","39"),
("34","15.00","2023-03-13","00:00:00","0","40"),
("35","2.00","2023-03-13","00:00:00","0","42"),
("36","9.00","2023-03-13","00:00:00","1","43"),
("37","2.00","2023-03-13","00:00:00","0","44"),
("38","0.80","2023-03-14","00:00:00","0","47"),
("39","45.00","2023-03-14","00:00:00","0","48"),
("40","3.00","2023-03-14","00:00:00","0","51"),
("41","15.00","2023-03-14","00:00:00","0","52"),
("42","5.00","2023-03-14","00:00:00","1","53"),
("43","5.00","2023-03-14","00:00:00","1","54"),
("44","2.00","2023-03-14","00:00:00","0","56"),
("45","2.00","2023-03-14","00:00:00","1","57"),
("46","2.00","2023-03-14","00:00:00","1","59"),
("47","6.00","2023-03-15","00:00:00","1","61"),
("48","6.00","2023-03-15","00:00:00","0","62"),
("49","9.00","2023-03-15","00:00:00","0","65"),
("50","1.20","2023-03-15","00:00:00","2","66"),
("51","3.00","2023-03-15","00:00:00","0","68"),
("52","0.80","2023-03-15","00:00:00","0","70"),
("53","0.60","2023-03-15","00:00:00","0","72"),
("54","0.80","2023-03-15","00:00:00","0","73"),
("55","3.00","2023-03-15","00:00:00","0","74"),
("56","5.00","2023-03-15","00:00:00","1","75"),
("57","10.00","2023-03-15","00:00:00","0","76"),
("58","3.25","2023-03-16","00:00:00","1","77"),
("59","1.20","2023-03-16","00:00:00","0","79"),
("60","7.00","2023-03-16","00:00:00","0","80"),
("61","0.60","2023-03-16","00:00:00","0","81"),
("62","2.00","2023-03-16","00:00:00","1","84"),
("63","70.80","2023-03-16","00:00:00","2","89"),
("64","70.80","2023-03-16","00:00:00","2","90"),
("65","70.80","2023-03-16","00:00:00","2","92"),
("66","70.80","2023-03-16","00:00:00","0","93"),
("67","0.60","2023-03-16","00:00:00","0","95"),
("68","0.80","2023-03-17","00:00:00","0","99"),
("69","3.25","2023-03-17","00:00:00","0","100"),
("70","2.80","2023-03-17","00:00:00","1","101"),
("71","35.00","2023-03-17","00:00:00","1","102"),
("72","1.80","2023-03-17","00:00:00","1","103"),
("73","2.00","2023-03-17","00:00:00","1","104"),
("74","0.80","2023-03-18","00:00:00","0","106"),
("75","1.00","2023-03-20","00:00:00","1","115"),
("76","1.80","2023-03-20","00:00:00","1","117"),
("77","1.00","2023-03-20","00:00:00","1","119"),
("78","22.00","2023-03-20","00:00:00","1","120"),
("79","6.00","2023-03-20","00:00:00","1","123"),
("80","1.50","2023-03-20","00:00:00","1","124"),
("81","1.00","2023-03-20","00:00:00","1","125"),
("82","0.20","2023-03-20","00:00:00","0","126"),
("83","0.20","2023-03-20","00:00:00","0","127"),
("84","0.20","2023-03-20","00:00:00","0","128"),
("85","5.60","2023-03-20","00:00:00","1","130"),
("86","0.80","2023-03-20","00:00:00","0","131"),
("87","3.00","2023-03-20","00:00:00","1","132"),
("88","15.00","2023-03-20","00:00:00","1","133"),
("89","0.80","2023-03-20","00:00:00","0","134"),
("90","3.25","2023-03-20","00:00:00","1","135"),
("91","15.00","2023-03-20","00:00:00","1","138"),
("92","3.25","2023-03-21","00:00:00","1","139"),
("93","15.00","2023-03-21","00:00:00","1","140"),
("94","15.00","2023-03-21","00:00:00","1","141"),
("95","148.00","2023-03-21","00:00:00","1","142");




CREATE TABLE `detalle_apartado` (
  `id` int(11) NOT NULL AUTO_INCREMENT,
  `monto` decimal(10,2) NOT NULL,
  `fecha` timestamp NOT NULL DEFAULT current_timestamp() ON UPDATE current_timestamp(),
  `apertura` int(11) NOT NULL DEFAULT 1,
  `id_apartado` int(11) NOT NULL,
  `id_usuario` int(11) NOT NULL,
  PRIMARY KEY (`id`),
  KEY `id_apartado` (`id_apartado`),
  CONSTRAINT `detalle_apartado_ibfk_1` FOREIGN KEY (`id_apartado`) REFERENCES `apartados` (`id`)
) ENGINE=InnoDB DEFAULT CHARSET=utf8mb4 COLLATE=utf8mb4_general_ci;






CREATE TABLE `gastos` (
  `id` int(11) NOT NULL AUTO_INCREMENT,
  `monto` decimal(10,0) NOT NULL,
  `descripcion` varchar(200) NOT NULL,
  `foto` varchar(150) DEFAULT NULL,
  `fecha` timestamp NOT NULL DEFAULT current_timestamp() ON UPDATE current_timestamp(),
  `apertura` int(11) NOT NULL DEFAULT 1,
  `id_usuario` int(11) NOT NULL,
  PRIMARY KEY (`id`),
  KEY `id_usuario` (`id_usuario`),
  CONSTRAINT `gastos_ibfk_1` FOREIGN KEY (`id_usuario`) REFERENCES `usuarios` (`id`)
) ENGINE=InnoDB DEFAULT CHARSET=utf8mb4 COLLATE=utf8mb4_general_ci;






CREATE TABLE `inventario` (
  `id` int(11) NOT NULL AUTO_INCREMENT,
  `movimiento` varchar(100) NOT NULL,
  `accion` varchar(20) NOT NULL,
  `cantidad` int(11) NOT NULL,
  `stock_Actual` int(11) NOT NULL,
  `fecha` timestamp NOT NULL DEFAULT current_timestamp() ON UPDATE current_timestamp(),
  `id_producto` int(11) NOT NULL,
  `id_usuario` int(11) NOT NULL,
  PRIMARY KEY (`id`),
  KEY `id_producto` (`id_producto`),
  KEY `id_usuario` (`id_usuario`),
  CONSTRAINT `inventario_ibfk_1` FOREIGN KEY (`id_producto`) REFERENCES `productos` (`id`),
  CONSTRAINT `inventario_ibfk_2` FOREIGN KEY (`id_usuario`) REFERENCES `usuarios` (`id`)
) ENGINE=InnoDB AUTO_INCREMENT=333 DEFAULT CHARSET=latin1 COLLATE=latin1_swedish_ci;


INSERT INTO inventario VALUES
("1","Ajuste de Inventario: entrada","entrada","5","5","2023-03-03 11:35:43","1","1"),
("2","Ajuste de Inventario: entrada","entrada","17","17","2023-03-03 11:43:11","2","1"),
("3","Ajuste de Inventario: entrada","entrada","33","33","2023-03-03 11:43:39","3","1"),
("4","Ajuste de Inventario: entrada","entrada","4","4","2023-03-03 11:54:52","4","1"),
("5","Venta N°: 1","salida","1","31","2023-03-03 11:55:42","3","1"),
("6","Venta N°: 1","salida","1","2","2023-03-03 11:55:42","4","1"),
("7","Ajuste de Inventario: entrada","entrada","6","6","2023-03-03 15:00:48","5","1"),
("8","Venta N°: 2","salida","1","30","2023-03-03 15:01:49","3","1"),
("9","Venta N°: 2","salida","1","4","2023-03-03 15:01:50","5","1"),
("10","Devolución Venta N°: 2","entrada","1","32","2023-03-03 15:09:11","3","1"),
("11","Devolución Venta N°: 2","entrada","1","6","2023-03-03 15:09:12","5","1"),
("12","Venta N°: 3","salida","1","30","2023-03-03 15:11:41","3","1"),
("13","Venta N°: 3","salida","1","4","2023-03-03 15:11:41","5","1"),
("14","Venta N°: 4","salida","2","13","2023-03-06 16:35:21","2","1"),
("15","Venta N°: 4","salida","1","29","2023-03-06 16:35:21","3","1"),
("16","Ajuste de Inventario: entrada","entrada","100","100","2023-03-06 16:39:14","7","1"),
("17","Venta N°: 5","salida","1","28","2023-03-06 16:40:57","3","1"),
("18","Venta N°: 5","salida","1","98","2023-03-06 16:40:57","7","1"),
("19","Devolución Venta N°: 4","entrada","2","17","2023-03-06 16:52:23","2","1"),
("20","Devolución Venta N°: 4","entrada","1","30","2023-03-06 16:52:23","3","1"),
("21","Venta N°: 6","salida","1","15","2023-03-06 16:53:13","2","1"),
("22","Venta N°: 6","salida","1","28","2023-03-06 16:53:13","3","1"),
("23","Ajuste de Inventario: entrada","entrada","100","100","2023-03-06 16:54:40","6","1"),
("24","Ajuste de Inventario: entrada","entrada","100","100","2023-03-06 16:55:01","9","1"),
("25","Venta N°: 7","salida","1","98","2023-03-06 16:58:42","6","1"),
("26","Venta N°: 8","salida","1","14","2023-03-06 17:17:33","2","1"),
("27","Venta N°: 8","salida","1","27","2023-03-06 17:17:33","3","1"),
("28","Ajuste de Inventario: entrada","entrada","13","28","2023-03-06 18:47:18","2","1"),
("29","Venta N°: 9","salida","1","26","2023-03-06 18:50:15","3","1"),
("30","Venta N°: 9","salida","2","24","2023-03-06 18:50:15","2","1"),
("31","Ajuste de Inventario: entrada","entrada","2","2","2023-03-06 19:02:16","11","1"),
("32","Venta N°: 10","salida","1","3","2023-03-06 19:02:59","1","1"),
("33","Venta N°: 10","salida","1","24","2023-03-06 19:02:59","2","1"),
("34","Venta N°: 10","salida","1","0","2023-03-06 19:02:59","11","1"),
("35","Devolución Venta N°: 8","entrada","1","26","2023-03-06 19:04:43","2","1"),
("36","Devolución Venta N°: 8","entrada","1","28","2023-03-06 19:04:43","3","1"),
("37","Devolución Venta N°: 3","entrada","1","29","2023-03-06 19:14:12","3","1"),
("38","Devolución Venta N°: 3","entrada","1","6","2023-03-06 19:14:13","5","1"),
("39","Ajuste de Inventario: entrada","entrada","100","200","2023-03-07 08:24:30","9","1"),
("40","Venta N°: 11","salida","2","196","2023-03-07 08:25:21","9","1"),
("41","Ajuste de Inventario: entrada","entrada","1","1","2023-03-07 08:44:47","10","1"),
("42","Ajuste de Inventario: entrada","entrada","6","6","2023-03-07 08:45:01","12","1"),
("43","Ajuste de Inventario: entrada","entrada","5","5","2023-03-07 08:45:16","13","1"),
("44","Ajuste de Inventario: entrada","entrada","1","1","2023-03-07 08:45:30","14","1"),
("45","Ajuste de Inventario: entrada","entrada","3","3","2023-03-07 08:45:47","15","1"),
("46","Ajuste de Inventario: entrada","entrada","2","2","2023-03-07 08:48:12","16","1"),
("47","Venta N°: 12","salida","1","97","2023-03-07 10:02:20","6","1"),
("48","Compra N°: 1","entrada","1","1","2023-03-07 10:54:19","18","1"),
("49","Compra N°: 1","entrada","1","1","2023-03-07 10:54:19","19","1"),
("50","Venta N°: 13","salida","1","27","2023-03-07 16:06:05","3","1"),
("51","Venta N°: 14","salida","1","2","2023-03-07 19:07:58","1","1"),
("52","Venta N°: 15","salida","1","96","2023-03-07 19:30:07","6","1"),
("53","Venta N°: 16","salida","1","95","2023-03-08 08:22:58","6","1"),
("54","Compra N°: 2","entrada","1","1","2023-03-08 11:05:21","17","1"),
("55","Venta N°: 17","salida","1","1","2023-03-08 11:26:20","15","1"),
("56","Venta N°: 18","salida","1","94","2023-03-08 14:48:09","6","1"),
("57","Venta N°: 19","salida","1","1","2023-03-08 19:20:00","1","1"),
("58","Venta N°: 20","salida","1","24","2023-03-08 19:40:26","2","1"),
("59","Venta N°: 21","salida","1","26","2023-03-09 17:23:48","3","1"),
("60","Venta N°: 22","salida","2","21","2023-03-09 18:15:24","2","1"),
("61","Ajuste de Inventario: entrada","entrada","25","223","2023-03-09 18:18:08","9","1"),
("62","Venta N°: 23","salida","2","219","2023-03-09 18:18:33","9","1"),
("63","Ajuste de Inventario: salida","salida","9","18","2023-03-10 10:43:17","3","1"),
("64","Ajuste de Inventario: salida","salida","7","11","2023-03-10 10:45:30","3","1"),
("65","Venta N°: 24","salida","1","9","2023-03-10 12:40:15","3","1"),
("66","Venta N°: 25","salida","1","8","2023-03-10 12:40:59","3","1"),
("67","Venta N°: 26","salida","2","217","2023-03-10 12:54:56","9","1"),
("68","Venta N°: 27","salida","2","215","2023-03-10 13:01:04","9","1"),
("69","Venta N°: 28","salida","2","213","2023-03-10 13:03:49","9","1"),
("70","Venta N°: 29","salida","1","213","2023-03-10 15:18:48","9","1"),
("71","Ajuste de Inventario: entrada","entrada","16","16","2023-03-10 15:33:55","20","1"),
("72","Ajuste de Inventario: entrada","entrada","3","3","2023-03-10 15:35:43","21","1"),
("73","Ajuste de Inventario: entrada","entrada","3","3","2023-03-10 15:37:08","22","1"),
("74","Ajuste de Inventario: entrada","entrada","2","2","2023-03-10 15:39:26","23","1"),
("75","Ajuste de Inventario: entrada","entrada","1","1","2023-03-10 15:40:58","24","1"),
("76","Venta N°: 30","salida","1","93","2023-03-10 17:16:19","6","1"),
("77","Venta N°: 31","salida","1","0","2023-03-10 18:22:55","1","1"),
("78","Venta N°: 32","salida","1","0","2023-03-11 08:35:47","15","1"),
("79","Venta N°: 33","salida","2","95","2023-03-11 08:36:46","7","1"),
("80","Venta N°: 34","salida","1","21","2023-03-11 09:34:25","2","1"),
("81","Venta N°: 35","salida","1","20","2023-03-11 09:36:07","2","1"),
("82","Venta N°: 36","salida","1","-1","2023-03-13 08:26:37","24","1"),
("83","Ajuste de Inventario: entrada","entrada","48","48","2023-03-13 08:35:24","25","1"),
("84","Ajuste de Inventario: entrada","entrada","1","1","2023-03-13 08:35:46","24","1"),
("85","Venta N°: 37","salida","1","212","2023-03-13 09:55:38","9","1"),
("86","Venta N°: 38","salida","4","89","2023-03-13 16:05:47","7","1"),
("87","Venta N°: 39","salida","4","85","2023-03-13 16:06:24","7","1"),
("88","Venta N°: 40","salida","3","83","2023-03-13 16:15:49","7","1"),
("89","Venta N°: 41","salida","1","-1","2023-03-13 16:31:13","1","1"),
("90","Venta N°: 41","salida","1","19","2023-03-13 16:31:13","2","1"),
("91","Ajuste de Inventario: entrada","entrada","45","45","2023-03-13 16:36:43","26","1"),
("92","Venta N°: 42","salida","2","41","2023-03-13 16:37:22","26","1"),
("93","Venta N°: 43","salida","2","16","2023-03-13 17:26:13","2","1"),
("94","Venta N°: 43","salida","1","84","2023-03-13 17:26:13","7","1"),
("95","Venta N°: 44","salida","1","16","2023-03-13 18:20:53","2","1"),
("96","Venta N°: 45","salida","2","209","2023-03-13 18:21:24","9","1"),
("97","Ajuste de Inventario: entrada","entrada","1","1","2023-03-13 19:12:09","27","1"),
("98","Venta N°: 46","salida","1","-1","2023-03-13 19:12:51","27","1"),
("99","Venta N°: 46","salida","1","92","2023-03-13 19:12:51","6","1"),
("100","Ajuste de Inventario: entrada","entrada","6","6","2023-03-13 19:17:36","1","1");
INSERT INTO inventario VALUES
("101","Venta N°: 47","salida","1","4","2023-03-13 19:18:02","1","1"),
("102","Devolución Venta N°: 32","entrada","1","2","2023-03-14 07:31:48","15","1"),
("103","Devolución Venta N°: 33","entrada","2","87","2023-03-14 07:31:54","7","1"),
("104","Venta N°: 48","salida","1","3","2023-03-14 08:56:44","13","1"),
("105","Compra N°: 3","entrada","1","2","2023-03-14 11:29:49","19","1"),
("106","Compra N°: 3","entrada","1","2","2023-03-14 11:29:49","18","1"),
("107","Ajuste de Inventario: entrada","entrada","12","14","2023-03-14 17:55:32","19","1"),
("108","Venta N°: 49","salida","2","13","2023-03-14 17:56:33","2","1"),
("109","Venta N°: 50","salida","1","91","2023-03-14 17:57:24","6","1"),
("110","Venta N°: 51","salida","1","90","2023-03-14 17:58:01","6","1"),
("111","Venta N°: 52","salida","3","81","2023-03-14 17:58:33","7","1"),
("112","Venta N°: 53","salida","1","82","2023-03-14 17:59:54","7","1"),
("113","Venta N°: 54","salida","1","81","2023-03-14 18:04:55","7","1"),
("114","Venta N°: 55","salida","1","80","2023-03-14 18:05:50","7","1"),
("115","Venta N°: 56","salida","1","13","2023-03-14 18:09:04","2","1"),
("116","Venta N°: 57","salida","1","12","2023-03-14 18:10:07","2","1"),
("117","Venta N°: 58","salida","1","7","2023-03-14 18:13:05","3","1"),
("118","Venta N°: 59","salida","1","11","2023-03-14 18:48:00","2","1"),
("119","Venta N°: 60","salida","1","10","2023-03-15 08:30:42","2","1"),
("120","Ajuste de Inventario: entrada","entrada","3","3","2023-03-15 08:36:01","28","1"),
("121","Venta N°: 61","salida","1","1","2023-03-15 08:36:56","28","1"),
("122","Venta N°: 62","salida","1","0","2023-03-15 08:37:29","28","1"),
("123","Venta N°: 63","salida","1","79","2023-03-15 08:55:24","7","1"),
("124","Venta N°: 64","salida","1","46","2023-03-15 08:56:08","25","1"),
("125","Ajuste de Inventario: entrada","entrada","2","2","2023-03-15 09:24:18","29","1"),
("126","Venta N°: 65","salida","1","0","2023-03-15 09:24:52","29","1"),
("127","Compra N°: 4","entrada","1","1","2023-03-15 12:49:31","31","1"),
("128","Ajuste de Inventario: entrada","entrada","36","36","2023-03-15 13:32:06","30","1"),
("129","Venta N°: 66","salida","2","32","2023-03-15 13:33:33","30","1"),
("130","Devolución Venta N°: 66","entrada","2","36","2023-03-15 13:40:09","30","1"),
("131","Venta N°: 67","salida","1","34","2023-03-15 14:40:51","30","1"),
("132","Venta N°: 68","salida","1","89","2023-03-15 15:52:59","6","1"),
("133","Venta N°: 69","salida","1","9","2023-03-15 16:58:57","2","1"),
("134","Venta N°: 70","salida","1","3","2023-03-15 16:59:31","1","1"),
("135","Venta N°: 71","salida","1","8","2023-03-15 17:29:19","2","1"),
("136","Venta N°: 72","salida","1","33","2023-03-15 17:34:27","30","1"),
("137","Venta N°: 73","salida","1","2","2023-03-15 17:41:17","1","1"),
("138","Venta N°: 74","salida","1","88","2023-03-15 18:17:59","6","1"),
("139","Venta N°: 75","salida","1","78","2023-03-15 18:25:22","7","1"),
("140","Venta N°: 76","salida","2","75","2023-03-15 18:25:59","7","1"),
("141","Ajuste de Inventario: entrada","entrada","48","95","2023-03-16 09:43:48","25","1"),
("142","Ajuste de Inventario: salida","salida","48","47","2023-03-16 09:44:38","25","1"),
("143","Ajuste de Inventario: salida","salida","4","5","2023-03-16 09:51:52","2","1"),
("144","Ajuste de Inventario: entrada","entrada","10","15","2023-03-16 09:52:46","2","1"),
("145","Ajuste de Inventario: salida","salida","12","3","2023-03-16 09:53:10","2","1"),
("146","Ajuste de Inventario: entrada","entrada","1","4","2023-03-16 09:56:24","2","1"),
("147","Venta N°: 77","salida","1","209","2023-03-16 10:21:58","9","1"),
("148","Venta N°: 78","salida","1","1","2023-03-16 10:22:40","1","1"),
("149","Venta N°: 79","salida","2","30","2023-03-16 10:24:12","30","1"),
("150","Ajuste de Inventario: entrada","entrada","2","3","2023-03-16 10:50:04","11","1"),
("151","Ajuste de Inventario: entrada","entrada","2","2","2023-03-16 10:52:06","27","1"),
("152","Venta N°: 80","salida","1","0","2023-03-16 10:52:44","27","1"),
("153","Venta N°: 81","salida","1","30","2023-03-16 12:57:51","30","1"),
("154","Venta N°: 82","salida","1","0","2023-03-16 13:00:47","1","1"),
("155","Venta N°: 83","salida","1","29","2023-03-16 13:08:56","30","1"),
("156","Venta N°: 84","salida","1","2","2023-03-16 15:29:26","2","1"),
("157","Venta N°: 85","salida","1","1","2023-03-16 16:40:32","2","1"),
("158","Venta N°: 86","salida","1","87","2023-03-16 16:47:00","6","1"),
("159","Ajuste de Inventario: entrada","entrada","3","3","2023-03-16 17:01:52","32","1"),
("160","Venta N°: 87","salida","1","0","2023-03-16 17:02:38","15","1"),
("161","Venta N°: 87","salida","1","1","2023-03-16 17:02:38","32","1"),
("162","Venta N°: 88","salida","1","208","2023-03-16 17:06:01","9","1"),
("163","Ajuste de Inventario: entrada","entrada","5","5","2023-03-16 17:25:20","33","1"),
("164","Venta N°: 89","salida","1","14","2023-03-16 17:26:31","20","1"),
("165","Venta N°: 89","salida","1","3","2023-03-16 17:26:31","33","1"),
("166","Venta N°: 89","salida","1","-1","2023-03-16 17:26:31","1","1"),
("167","Devolución Venta N°: 89","entrada","1","16","2023-03-16 17:27:36","20","1"),
("168","Devolución Venta N°: 89","entrada","1","5","2023-03-16 17:27:36","33","1"),
("169","Devolución Venta N°: 89","entrada","1","1","2023-03-16 17:27:36","1","1"),
("170","Venta N°: 90","salida","1","-1","2023-03-16 17:28:49","1","1"),
("171","Venta N°: 90","salida","1","14","2023-03-16 17:28:49","20","1"),
("172","Venta N°: 90","salida","1","3","2023-03-16 17:28:49","33","1"),
("173","Venta N°: 91","salida","1","207","2023-03-16 17:44:46","9","1"),
("174","Devolución Venta N°: 90","entrada","1","1","2023-03-16 17:47:04","1","1"),
("175","Devolución Venta N°: 90","entrada","1","16","2023-03-16 17:47:04","20","1"),
("176","Devolución Venta N°: 90","entrada","1","5","2023-03-16 17:47:04","33","1"),
("177","Venta N°: 92","salida","1","14","2023-03-16 17:47:46","20","1"),
("178","Venta N°: 92","salida","1","-1","2023-03-16 17:47:46","1","1"),
("179","Venta N°: 92","salida","1","3","2023-03-16 17:47:46","33","1"),
("180","Devolución Venta N°: 92","entrada","1","16","2023-03-16 17:49:00","20","1"),
("181","Devolución Venta N°: 92","entrada","1","1","2023-03-16 17:49:00","1","1"),
("182","Devolución Venta N°: 92","entrada","1","5","2023-03-16 17:49:00","33","1"),
("183","Venta N°: 93","salida","1","-1","2023-03-16 17:49:36","1","1"),
("184","Venta N°: 93","salida","1","14","2023-03-16 17:49:36","20","1"),
("185","Venta N°: 93","salida","1","3","2023-03-16 17:49:36","33","1"),
("186","Venta N°: 94","salida","1","28","2023-03-16 18:00:38","30","1"),
("187","Venta N°: 95","salida","1","27","2023-03-16 18:01:16","30","1"),
("188","Ajuste de Inventario: entrada","entrada","6","6","2023-03-16 18:16:11","34","1"),
("189","Ajuste de Inventario: entrada","entrada","8","8","2023-03-16 18:17:48","1","1"),
("190","Venta N°: 96","salida","1","6","2023-03-16 18:18:24","1","1"),
("191","Venta N°: 97","salida","1","4","2023-03-16 18:18:56","34","1"),
("192","Venta N°: 98","salida","1","5","2023-03-16 18:19:24","1","1"),
("193","Venta N°: 99","salida","1","4","2023-03-17 08:51:51","1","1"),
("194","Venta N°: 100","salida","1","206","2023-03-17 09:08:51","9","1"),
("195","Venta N°: 101","salida","1","3","2023-03-17 10:29:20","1","1"),
("196","Venta N°: 101","salida","1","0","2023-03-17 10:29:20","2","1"),
("197","Venta N°: 102","salida","1","-1","2023-03-17 12:29:03","15","1"),
("198","Ajuste de Inventario: entrada","entrada","23","51","2023-03-17 14:04:02","30","1"),
("199","Ajuste de Inventario: salida","salida","28","23","2023-03-17 14:08:20","30","1"),
("200","Ajuste de Inventario: entrada","entrada","1","24","2023-03-17 14:09:37","30","1");
INSERT INTO inventario VALUES
("201","Ajuste de Inventario: entrada","entrada","28","52","2023-03-17 14:44:48","30","1"),
("202","Venta N°: 103","salida","3","46","2023-03-17 14:45:49","30","1"),
("203","Venta N°: 104","salida","1","-1","2023-03-17 14:52:26","2","1"),
("204","Venta N°: 105","salida","1","86","2023-03-17 15:53:21","6","1"),
("205","Venta N°: 106","salida","1","2","2023-03-18 08:24:53","1","1"),
("206","Ajuste de Inventario: entrada","entrada","4","4","2023-03-18 08:38:32","35","1"),
("207","Venta N°: 107","salida","1","2","2023-03-18 08:39:25","35","1"),
("208","Venta N°: 108","salida","1","1","2023-03-18 08:39:59","35","1"),
("209","Ajuste de Inventario: salida","salida","2","3","2023-03-18 10:34:49","34","1"),
("210","Venta N°: 109","salida","1","1","2023-03-18 10:35:18","34","1"),
("211","Venta N°: 110","salida","1","0","2023-03-18 10:35:45","34","1"),
("212","Venta N°: 111","salida","1","1","2023-03-18 10:38:07","4","1"),
("213","Venta N°: 112","salida","1","0","2023-03-18 10:38:40","23","1"),
("214","Venta N°: 113","salida","1","205","2023-03-18 12:08:40","9","1"),
("215","Ajuste de Inventario: entrada","entrada","1","1","2023-03-20 09:25:52","36","1"),
("216","Venta N°: 114","salida","1","-1","2023-03-20 09:26:27","36","1"),
("217","Venta N°: 115","salida","1","41","2023-03-20 10:04:49","26","1"),
("218","Venta N°: 116","salida","2","73","2023-03-20 10:10:37","7","1"),
("219","Venta N°: 117","salida","3","43","2023-03-20 10:11:55","30","1"),
("220","Ajuste de Inventario: entrada","entrada","16","16","2023-03-20 11:59:42","53","1"),
("221","Venta N°: 118","salida","1","85","2023-03-20 12:00:28","6","1"),
("222","Ajuste de Inventario: entrada","entrada","30","38","2023-03-20 15:34:20","3","1"),
("223","Ajuste de Inventario: entrada","entrada","4","4","2023-03-20 15:34:45","37","1"),
("224","Ajuste de Inventario: entrada","entrada","2","2","2023-03-20 15:35:25","38","1"),
("225","Ajuste de Inventario: entrada","entrada","4","4","2023-03-20 15:35:41","39","1"),
("226","Ajuste de Inventario: entrada","entrada","4","4","2023-03-20 15:35:59","40","1"),
("227","Ajuste de Inventario: entrada","entrada","1","1","2023-03-20 15:36:09","41","1"),
("228","Ajuste de Inventario: entrada","entrada","6","6","2023-03-20 15:36:22","42","1"),
("229","Ajuste de Inventario: entrada","entrada","1","1","2023-03-20 15:36:53","43","1"),
("230","Ajuste de Inventario: entrada","entrada","4","4","2023-03-20 15:37:44","45","1"),
("231","Ajuste de Inventario: entrada","entrada","3","3","2023-03-20 15:38:00","46","1"),
("232","Ajuste de Inventario: entrada","entrada","2","2","2023-03-20 15:38:14","47","1"),
("233","Ajuste de Inventario: entrada","entrada","2","2","2023-03-20 15:38:32","48","1"),
("234","Ajuste de Inventario: entrada","entrada","2","2","2023-03-20 15:38:46","49","1"),
("235","Ajuste de Inventario: entrada","entrada","1","1","2023-03-20 15:39:06","50","1"),
("236","Ajuste de Inventario: entrada","entrada","4","4","2023-03-20 15:39:43","52","1"),
("237","Ajuste de Inventario: entrada","entrada","3","3","2023-03-20 15:41:27","51","1"),
("238","Ajuste de Inventario: entrada","entrada","6","6","2023-03-20 15:41:48","65","1"),
("239","Ajuste de Inventario: entrada","entrada","1","1","2023-03-20 15:42:04","54","1"),
("240","Ajuste de Inventario: entrada","entrada","2","2","2023-03-20 15:42:20","55","1"),
("241","Ajuste de Inventario: entrada","entrada","2","2","2023-03-20 15:42:43","56","1"),
("242","Ajuste de Inventario: entrada","entrada","1","1","2023-03-20 15:43:00","57","1"),
("243","Ajuste de Inventario: entrada","entrada","1","1","2023-03-20 15:43:12","58","1"),
("244","Ajuste de Inventario: entrada","entrada","1","1","2023-03-20 15:43:41","59","1"),
("245","Ajuste de Inventario: entrada","entrada","2","2","2023-03-20 15:45:05","112","1"),
("246","Ajuste de Inventario: entrada","entrada","2","2","2023-03-20 15:45:24","61","1"),
("247","Ajuste de Inventario: entrada","entrada","1","1","2023-03-20 15:48:05","62","1"),
("248","Ajuste de Inventario: entrada","entrada","5","5","2023-03-20 15:48:21","63","1"),
("249","Ajuste de Inventario: entrada","entrada","2","2","2023-03-20 15:49:08","64","1"),
("250","Ajuste de Inventario: entrada","entrada","5","5","2023-03-20 15:49:34","70","1"),
("251","Ajuste de Inventario: entrada","entrada","2","2","2023-03-20 15:49:50","71","1"),
("252","Ajuste de Inventario: entrada","entrada","2","2","2023-03-20 15:50:03","72","1"),
("253","Ajuste de Inventario: entrada","entrada","1","1","2023-03-20 15:50:35","73","1"),
("254","Ajuste de Inventario: entrada","entrada","1","1","2023-03-20 15:50:53","74","1"),
("255","Ajuste de Inventario: entrada","entrada","2","2","2023-03-20 15:51:09","75","1"),
("256","Ajuste de Inventario: entrada","entrada","4","4","2023-03-20 15:51:24","76","1"),
("257","Ajuste de Inventario: entrada","entrada","3","3","2023-03-20 15:51:57","77","1"),
("258","Ajuste de Inventario: entrada","entrada","1","1","2023-03-20 15:52:10","78","1"),
("259","Ajuste de Inventario: entrada","entrada","1","1","2023-03-20 15:52:21","79","1"),
("260","Ajuste de Inventario: entrada","entrada","1","1","2023-03-20 15:52:51","80","1"),
("261","Ajuste de Inventario: entrada","entrada","1","2","2023-03-20 15:52:53","80","1"),
("262","Ajuste de Inventario: salida","salida","1","1","2023-03-20 15:53:37","80","1"),
("263","Ajuste de Inventario: entrada","entrada","1","1","2023-03-20 15:53:54","81","1"),
("264","Ajuste de Inventario: entrada","entrada","2","2","2023-03-20 15:54:10","82","1"),
("265","Ajuste de Inventario: entrada","entrada","3","3","2023-03-20 15:54:34","83","1"),
("266","Ajuste de Inventario: entrada","entrada","3","3","2023-03-20 15:54:52","84","1"),
("267","Ajuste de Inventario: entrada","entrada","1","1","2023-03-20 15:55:09","85","1"),
("268","Ajuste de Inventario: entrada","entrada","2","2","2023-03-20 15:55:30","86","1"),
("269","Ajuste de Inventario: entrada","entrada","1","1","2023-03-20 15:55:48","87","1"),
("270","Ajuste de Inventario: entrada","entrada","1","1","2023-03-20 15:56:07","88","1"),
("271","Ajuste de Inventario: entrada","entrada","1","1","2023-03-20 15:56:26","89","1"),
("272","Ajuste de Inventario: entrada","entrada","2","2","2023-03-20 15:56:42","90","1"),
("273","Ajuste de Inventario: entrada","entrada","1","1","2023-03-20 15:56:56","91","1"),
("274","Ajuste de Inventario: entrada","entrada","4","4","2023-03-20 15:57:24","92","1"),
("275","Ajuste de Inventario: entrada","entrada","2","2","2023-03-20 15:57:41","93","1"),
("276","Ajuste de Inventario: entrada","entrada","1","1","2023-03-20 15:58:03","94","1"),
("277","Ajuste de Inventario: entrada","entrada","1","1","2023-03-20 15:58:14","95","1"),
("278","Ajuste de Inventario: entrada","entrada","1","1","2023-03-20 15:58:43","96","1"),
("279","Ajuste de Inventario: entrada","entrada","1","1","2023-03-20 15:58:54","97","1"),
("280","Ajuste de Inventario: entrada","entrada","2","2","2023-03-20 15:59:16","98","1"),
("281","Ajuste de Inventario: entrada","entrada","3","3","2023-03-20 15:59:34","99","1"),
("282","Ajuste de Inventario: entrada","entrada","1","1","2023-03-20 15:59:52","100","1"),
("283","Ajuste de Inventario: entrada","entrada","1","1","2023-03-20 16:15:20","101","1"),
("284","Ajuste de Inventario: entrada","entrada","1","1","2023-03-20 16:15:36","102","1"),
("285","Ajuste de Inventario: entrada","entrada","1","1","2023-03-20 16:15:50","103","1"),
("286","Ajuste de Inventario: entrada","entrada","1","1","2023-03-20 16:16:06","104","1"),
("287","Ajuste de Inventario: entrada","entrada","1","1","2023-03-20 16:16:37","105","1"),
("288","Ajuste de Inventario: entrada","entrada","4","4","2023-03-20 16:16:53","106","1"),
("289","Ajuste de Inventario: entrada","entrada","2","2","2023-03-20 16:17:10","108","1"),
("290","Ajuste de Inventario: entrada","entrada","1","1","2023-03-20 16:17:31","109","1"),
("291","Ajuste de Inventario: entrada","entrada","1","1","2023-03-20 16:17:52","110","1"),
("292","Ajuste de Inventario: entrada","entrada","30","68","2023-03-20 16:19:04","3","1"),
("293","Venta N°: 119","salida","1","40","2023-03-20 16:24:00","26","1"),
("294","Venta N°: 120","salida","2","0","2023-03-20 16:25:14","52","1"),
("295","Venta N°: 120","salida","1","1","2023-03-20 16:25:14","51","1"),
("296","Venta N°: 121","salida","1","14","2023-03-20 16:33:19","53","1"),
("297","Venta N°: 122","salida","1","-1","2023-03-20 16:36:28","23","1"),
("298","Ajuste de Inventario: entrada","entrada","2","2","2023-03-20 16:39:07","44","1"),
("299","Venta N°: 123","salida","1","2","2023-03-20 16:45:28","76","1"),
("300","Venta N°: 124","salida","1","13","2023-03-20 16:45:56","53","1");
INSERT INTO inventario VALUES
("301","Venta N°: 125","salida","1","66","2023-03-20 16:46:29","3","1"),
("302","Venta N°: 126","salida","1","73","2023-03-20 16:54:07","7","1"),
("303","Venta N°: 127","salida","1","72","2023-03-20 16:54:36","7","1"),
("304","Venta N°: 128","salida","1","71","2023-03-20 16:55:05","7","1"),
("305","Venta N°: 129","salida","2","63","2023-03-20 17:01:11","3","1"),
("306","Ajuste de Inventario: entrada","entrada","2","2","2023-03-20 17:49:56","2","1"),
("307","Venta N°: 130","salida","2","-2","2023-03-20 17:51:49","2","1"),
("308","Venta N°: 130","salida","1","39","2023-03-20 17:51:49","26","1"),
("309","Venta N°: 130","salida","1","44","2023-03-20 17:51:49","30","1"),
("310","Venta N°: 131","salida","1","1","2023-03-20 17:52:33","1","1"),
("311","Venta N°: 132","salida","1","84","2023-03-20 17:53:22","6","1"),
("312","Venta N°: 133","salida","1","4","2023-03-20 18:22:51","65","1"),
("313","Venta N°: 134","salida","1","0","2023-03-20 18:23:43","1","1"),
("314","Venta N°: 135","salida","1","204","2023-03-20 18:36:13","9","1"),
("315","Venta N°: 136","salida","1","45","2023-03-20 18:37:29","25","1"),
("316","Venta N°: 137","salida","1","-1","2023-03-20 18:38:03","43","1"),
("317","Venta N°: 138","salida","1","0","2023-03-20 18:56:47","48","1"),
("318","Venta N°: 139","salida","1","203","2023-03-21 08:20:01","9","1"),
("319","Venta N°: 140","salida","1","0","2023-03-21 09:11:02","44","1"),
("320","Devolución Venta N°: 17","entrada","1","1","2023-03-21 09:38:10","15","1"),
("321","Venta N°: 141","salida","1","-1","2023-03-21 09:40:15","44","1"),
("322","Ajuste de Inventario: entrada","entrada","2","3","2023-03-21 09:43:05","59","1"),
("323","Ajuste de Inventario: entrada","entrada","2","2","2023-03-21 09:45:14","44","1"),
("324","Ajuste de Inventario: entrada","entrada","2","2","2023-03-21 09:48:16","114","1"),
("325","Venta N°: 142","salida","1","1","2023-03-21 09:50:22","59","1"),
("326","Venta N°: 142","salida","1","-1","2023-03-21 09:50:22","15","1"),
("327","Venta N°: 142","salida","1","0","2023-03-21 09:50:22","44","1"),
("328","Venta N°: 142","salida","1","0","2023-03-21 09:50:22","114","1"),
("329","Venta N°: 142","salida","1","0","2023-03-21 09:50:22","108","1"),
("330","Ajuste de Inventario: salida","salida","19","26","2023-03-21 10:09:23","30","1"),
("331","Ajuste de Inventario: salida","salida","6","20","2023-03-21 10:12:38","30","1"),
("332","Venta N°: 143","salida","3","-2","2023-03-21 16:00:18","33","1");




CREATE TABLE `medidas` (
  `id` int(11) NOT NULL AUTO_INCREMENT,
  `medida` varchar(100) NOT NULL,
  `nombre_corto` varchar(10) NOT NULL,
  `fecha` timestamp NOT NULL DEFAULT current_timestamp() ON UPDATE current_timestamp(),
  `estado` int(11) NOT NULL DEFAULT 1,
  PRIMARY KEY (`id`)
) ENGINE=InnoDB AUTO_INCREMENT=4 DEFAULT CHARSET=latin1 COLLATE=latin1_swedish_ci;


INSERT INTO medidas VALUES
("1","CM","CM","2023-03-03 11:01:50","1"),
("2","ML","ML","2023-03-03 11:38:06","1"),
("3","G","G","2023-03-03 11:50:26","1");




CREATE TABLE `productos` (
  `id` int(11) NOT NULL AUTO_INCREMENT,
  `codigo` varchar(50) NOT NULL,
  `descripcion` text NOT NULL,
  `precio_compra` decimal(10,2) NOT NULL,
  `precio_venta` decimal(10,2) NOT NULL,
  `cantidad` int(11) NOT NULL DEFAULT 0,
  `foto` varchar(100) DEFAULT NULL,
  `estado` int(11) NOT NULL DEFAULT 1,
  `fecha` timestamp NOT NULL DEFAULT current_timestamp() ON UPDATE current_timestamp(),
  `ventas` int(11) NOT NULL DEFAULT 0,
  `id_medida` int(11) NOT NULL,
  `id_categoria` int(11) NOT NULL,
  PRIMARY KEY (`id`),
  KEY `id_categoria` (`id_categoria`),
  KEY `id_medida` (`id_medida`),
  CONSTRAINT `productos_ibfk_1` FOREIGN KEY (`id_categoria`) REFERENCES `categorias` (`id`),
  CONSTRAINT `productos_ibfk_2` FOREIGN KEY (`id_medida`) REFERENCES `medidas` (`id`)
) ENGINE=InnoDB AUTO_INCREMENT=115 DEFAULT CHARSET=latin1 COLLATE=latin1_swedish_ci;


INSERT INTO productos VALUES
("1","0083","AGUA MINERAL MINALBA 600 CM3","0.50","0.80","1","","1","2023-03-20 18:23:43","18","1","1"),
("2","0080","GATORADE 500ML FRUTOS","1.15","2.00","0","","1","2023-03-20 17:51:48","27","2","1"),
("3","0081","SPEED MAX","0.43","1.00","65","","1","2023-03-20 17:01:11","12","2","1"),
("4","0084","JIF MANÍ (454G)","2.50","5.00","2","","1","2023-03-20 15:05:16","2","3","2"),
("5","4400003211","CHIPS AHOY MINI 99","1.48","3.00","6","","0","2023-03-20 15:05:58","0","3","2"),
("6","0001","BATIDO PROTEINA","1.00","3.00","85","","1","2023-03-20 17:53:22","15","2","1"),
("7","0002","CAFE NEGRO","0.08","0.20","72","","1","2023-03-20 16:55:05","28","2","3"),
("8","0113","COFFE MATE","3.00","0.50","0","","1","2023-03-20 15:14:16","0","2","3"),
("9","0003","BATIDO PROTEINA EXTRA","2.00","3.25","204","","1","2023-03-21 08:20:00","21","2","1"),
("10","0111","CREATINA NUTRABIO (30 SERV)","12.00","25.00","1","","1","2023-03-20 15:11:20","0","3","4"),
("11","0110","CHIPS AHOY 13","3.00","6.00","3","","0","2023-03-20 15:25:17","1","3","2"),
("12","0102","CREATINA CELLUCOR (72 SERV)","22.00","40.00","6","","1","2023-03-20 15:09:26","0","3","4"),
("13","0090","CREATINA NUTRICOST","25.00","45.00","4","","1","2023-03-20 15:07:14","1","3","4"),
("14","0086","CREATINA MUSCLETECH","35.00","40.00","1","","1","2023-03-20 15:06:42","0","3","4"),
("15","0085","MUSCLETECH CELL TECH (120 SERV","25.00","35.00","0","","1","2023-03-21 09:50:22","3","3","4"),
("16","0092","L-CARNITINA LIQUIDA (16 SERV)","10.00","20.00","2","","1","2023-03-20 15:07:39","0","2","4"),
("17","0094","AGUA MINALBA (24 UND)","14.00","25.00","1","","1","2023-03-20 15:08:04","0","2","1"),
("18","0091","SPEED LATA (24 UND)","10.30","20.00","2","","1","2023-03-20 15:07:28","0","2","1"),
("19","0089","GATORADE CAJA 12 UND","13.80","26.00","14","","1","2023-03-20 15:07:04","0","2","1"),
("20","0095","HIDROXICUT 200","15.00","30.00","15","","1","2023-03-20 15:08:13","1","3","4"),
("21","0097","MUSCLET MILK","30.00","35.00","3","","1","2023-03-20 15:08:34","0","3","4"),
("22","0087","ON WHEY PROTEIN","12.00","40.00","3","","1","2023-03-20 15:06:54","0","3","4"),
("23","0107","SIXSTAR WHEY PROTEIN","12.00","35.00","0","","1","2023-03-20 16:36:27","2","3","4"),
("24","0099","BODY FORTRESS ISOLATE","12.00","40.00","1","","1","2023-03-20 15:08:52","1","3","4"),
("25","0100","MONSTERS 473ML","1.50","3.00","46","","1","2023-03-20 18:37:29","2","2","1"),
("26","0101","BARRITAS","0.50","1.00","40","","1","2023-03-20 17:51:48","5","3","2"),
("27","0096","CHIPS AHOY 510","4.00","7.00","1","","0","2023-03-20 15:25:26","2","3","1"),
("28","0109","MAGNESIO 250MG","3.00","6.00","1","","1","2023-03-20 15:10:48","2","3","4"),
("29","0108","SUPER COMPLEJO B 100 TAB","4.00","9.00","1","","0","2023-03-20 16:00:15","1","2","4"),
("30","0103","MALTA BOTELLA","0.30","0.60","20","","1","2023-03-21 10:12:38","15","2","1"),
("31","0104","CAJA MALTA 36 UND","14.00","22.00","1","","1","2023-03-20 15:09:56","0","2","1"),
("32","0106","COLÁGENO C","3.00","6.00","2","","1","2023-03-20 15:10:16","1","3","4"),
("33","0105","DYMATIZED (20 SERV)","15.00","40.00","1","","1","2023-03-21 16:00:18","4","3","4"),
("34","0098","DERMISA","6.00","12.00","1","","1","2023-03-20 15:08:44","3","2","4"),
("35","0112","MAGNESIO 500MG","8.00","15.00","2","","1","2023-03-20 15:13:04","2","3","4"),
("36","0004","JIF MANÍ (1.13KG)","8.00","10.00","0","","1","2023-03-20 09:26:27","1","3","2"),
("37","0005","MANTEQUILLA DE MANÍ (EN POLVO)","10.00","14.00","4","","1","2023-03-20 15:34:45","0","3","2"),
("38","0006","DYMATIZED ÉLITE (63 SERV)","60.00","85.00","2","","1","2023-03-20 15:35:25","0","3","4"),
("39","0007","DYMATIZED ISOLATADA (76 SERV)","100.00","120.00","4","","1","2023-03-20 15:35:41","0","3","4"),
("40","0008","C4 (60 SERV)","20.00","40.00","4","","1","2023-03-20 15:35:59","0","3","4"),
("41","0009","C4 (30 SERV)","15.00","30.00","1","","1","2023-03-20 15:36:09","0","3","4"),
("42","0010","AMINO ENERGY (30 SERV)","25.00","35.00","6","","1","2023-03-20 15:36:22","0","3","4"),
("43","0011","PROTEINA ISOLATADA BODY","20.00","40.00","0","","1","2023-03-20 18:38:02","1","3","4"),
("44","0012","GUANTES","8.00","15.00","1","","1","2023-03-21 09:50:22","3","1","4"),
("45","0013","CREATINA CELLTECH","20.00","35.00","4","","1","2023-03-20 15:37:44","0","3","4"),
("46","0014","ANABOL HARDCORE","25.00","35.00","3","","1","2023-03-20 15:38:00","0","3","4"),
("47","0015","CONTIGO FIT","10.00","18.00","2","","1","2023-03-20 15:38:14","0","1","4"),
("48","0016","CONTIGO (SHAKERS)","10.00","15.00","1","","1","2023-03-20 18:56:46","1","1","4"),
("49","0017","CONTIGO (METÁLICOS)","10.00","20.00","2","","1","2023-03-20 15:38:46","0","1","4"),
("50","0018","CHIPS AHOY (1LB)","5.00","9.00","1","","1","2023-03-20 15:39:06","0","3","2"),
("51","0019","GLADE (PLUGINS)","6.00","12.00","2","","1","2023-03-20 16:25:14","1","1","4"),
("52","0020","GLADE (WARMER)","2.00","5.00","2","","1","2023-03-20 16:25:14","2","1","4"),
("53","0021","PISTACHOS PEQUEÑOS","0.50","1.50","14","","1","2023-03-20 16:45:56","2","3","2"),
("54","0022","PISTACHOS (227G)","4.00","7.00","1","","1","2023-03-20 15:42:04","0","3","2"),
("55","0023","PISTACHOS (680G)","10.00","18.00","2","","1","2023-03-20 15:42:20","0","2","2"),
("56","0024","PLANCHA REMINGTON","20.00","30.00","2","","1","2023-03-20 15:42:43","0","1","4"),
("57","0025","GUANTES DE RESISTENCIA","10.00","20.00","1","","1","2023-03-20 15:43:00","0","1","4"),
("58","0026","GLUCÓMETRO","20.00","40.00","1","","1","2023-03-20 15:43:12","0","1","4"),
("59","0027","PROTEINA MUSCLETECH (4LB)","30.00","75.00","2","","1","2023-03-21 09:50:22","1","3","4"),
("60","0028","CENTUM WOMEN","8.00","15.00","0","","0","2023-03-20 15:45:43","0","3","4"),
("61","0029","CENTRUM ADULTS +50","8.00","15.00","2","","1","2023-03-20 15:45:24","0","3","4"),
("62","0030","COMPLEJO MULTIVITAMÍNICO +50","8.00","15.00","1","","1","2023-03-20 15:48:05","0","3","4"),
("63","0031","ANTIALÉRGICO","7.00","14.00","5","","1","2023-03-20 15:48:21","0","3","4"),
("64","0032","ANTIÁCIDO","2.00","5.00","2","","1","2023-03-20 15:49:08","0","3","4"),
("65","0033","PISTACHOS (NO SHELLS 340G)","9.00","15.00","5","","1","2023-03-20 18:22:51","1","3","2"),
("66","0034","CHIPS AHOY (2 COOKIES)","0.50","1.00","0","","1","2023-03-20 14:10:59","0","3","2"),
("67","0035","CHIPS AHOY (4 COOKIES)","1.00","1.50","0","","1","2023-03-20 14:11:34","0","3","2"),
("68","0036","CHIPS AHOY MINI","1.00","3.00","0","","1","2023-03-20 14:12:15","0","3","2"),
("69","0037","TRIDENT","1.00","1.50","0","","1","2023-03-20 14:13:08","0","3","2"),
("70","0039","COMPLEJO MULTIVITAMÍNICO WOMEN","8.00","12.00","5","","1","2023-03-20 15:49:34","0","3","4"),
("71","0040","ONE DAILY WOMENS (200)","8.00","15.00","2","","1","2023-03-20 15:49:50","0","3","4"),
("72","0041","ONE DAILY WOMENS (100)","5.00","8.00","2","","1","2023-03-20 15:50:03","0","3","4"),
("73","0042","COMPLEJO MULTIVITAMÍNICO MEN","6.00","12.00","1","","1","2023-03-20 15:50:35","0","3","4"),
("74","0043","COMPLEJO MULTIVITAMÍNICO ADULT","5.00","8.00","1","","1","2023-03-20 15:50:53","0","3","4"),
("75","0044","DEGREE MEN","2.00","5.00","2","","1","2023-03-20 15:51:09","0","3","4"),
("76","0045","DOVE DESODORANTE","4.00","6.00","3","","1","2023-03-20 16:45:28","1","3","4"),
("77","0046","NEUTROGENA ULTRA SHEER 55","8.00","15.00","3","","1","2023-03-20 15:51:57","0","2","4"),
("78","0047","NEUTROGENA HYDRO BOOST","20.00","32.00","1","","1","2023-03-20 15:52:10","0","2","4"),
("79","0048","CERAVE CLEANSER","9.00","16.00","1","","1","2023-03-20 15:52:21","0","2","4"),
("80","0049","NATURES BOUNTY UÑA Y PIEL","10.00","15.00","1","","1","2023-03-20 15:53:37","0","3","4"),
("81","0050","SPRING VALLEY UÑA Y PIEL","7.00","10.00","1","","1","2023-03-20 15:53:54","0","3","4"),
("82","0051","EQUATE UÑA Y PIEL","7.00","10.00","2","","1","2023-03-20 15:54:10","0","3","4"),
("83","0052","BIOTIN 5000 MCG (240)","10.00","15.00","3","","1","2023-03-20 15:54:34","0","3","4"),
("84","0053","BIOTIN 10000 MCG (120)","8.00","13.00","3","","1","2023-03-20 15:54:52","0","3","4"),
("85","0054","BIOTIN 10000 MCG (60)","5.00","9.00","1","","1","2023-03-20 15:55:08","0","3","4"),
("86","0055","BIOTIN 1000 MCG (150)","2.00","5.00","2","","1","2023-03-20 15:55:30","0","3","4"),
("87","0056","BIOTIN 5000 MCG (120)","6.00","8.00","1","","1","2023-03-20 15:55:48","0","3","4"),
("88","0057","VITAMINA D3 (100)","3.00","7.00","1","","1","2023-03-20 15:56:07","0","3","4"),
("89","0058","TURMERIC 1500 MCG (90)","7.00","15.00","1","","1","2023-03-20 15:56:26","0","3","4"),
("90","0059","POTASIO 99 MG (100)","3.00","6.00","2","","1","2023-03-20 15:56:42","0","3","4"),
("91","0060","VITAMINA A (250)","4.00","7.00","1","","1","2023-03-20 15:56:56","0","3","4"),
("92","0061","COQ10 50 MG (30)","4.00","9.00","4","","1","2023-03-20 15:57:24","0","3","4"),
("93","0062","ACIDOPHILUS (30)","3.00","6.00","2","","1","2023-03-20 15:57:41","0","3","4"),
("94","0063","L-CARNITINE 500 MG (30)","6.00","10.00","1","","1","2023-03-20 15:58:03","0","3","4"),
("95","0064","ASPIRINA","3.00","5.00","1","","1","2023-03-20 15:58:14","0","3","4"),
("96","0065","CETAPHIL CREMA","11.00","22.00","1","","1","2023-03-20 15:58:43","0","3","4"),
("97","0066","CETAPHIL CLEANSER","11.00","22.00","1","","1","2023-03-20 15:58:54","0","3","4"),
("98","0067","MELATONINA 10 MG (120)","6.00","12.00","2","","1","2023-03-20 15:59:16","0","3","4"),
("99","0068","SUPER COMPLEJO B (250)","7.00","14.00","3","","1","2023-03-20 15:59:34","0","3","4"),
("100","0069","SUPER COMPLEJO B (100)","5.00","9.00","1","","1","2023-03-20 15:59:52","0","3","4");
INSERT INTO productos VALUES
("101","0070","VITAMINA B12 500 MCG (100)","2.00","4.00","1","","1","2023-03-20 16:15:20","0","3","4"),
("102","0071","VITAMINA B12 500 MCG (200)","3.00","7.00","1","","1","2023-03-20 16:15:36","0","3","4"),
("103","0072","VITAMINA B12 1000 MCG (60)","4.00","8.00","1","","1","2023-03-20 16:15:50","0","3","4"),
("104","0073","VITAMINA B12 1000 MCG (150)","5.00","10.00","1","","1","2023-03-20 16:16:06","0","3","4"),
("105","0074","APPLE CIDER VINEGAR (60)","9.00","15.00","1","","1","2023-03-20 16:16:37","0","3","4"),
("106","0075","OMEGA 3 500 MG (120)","8.00","15.00","4","","1","2023-03-20 16:16:53","0","3","4"),
("107","0076","ACEITE DE COCO (414ML)","4.00","8.00","0","","1","2023-03-20 14:59:26","0","2","4"),
("108","0077","TRESEMMÉ (COMBO (2))","9.00","18.00","1","","1","2023-03-21 09:50:22","1","2","4"),
("109","0078","BIOTIN Y COLÁGENO (EXTRA)","12.00","24.00","1","","1","2023-03-20 16:17:31","0","2","4"),
("110","0079","BIOTIN Y COLÁGENO","12.00","20.00","1","","1","2023-03-20 16:17:52","0","2","4"),
("111","0114","OMEPRAZOL","3.00","5.00","0","","0","2023-03-20 15:29:08","0","3","4"),
("112","0115","CENTRUM WOMEN","8.00","15.00","2","","1","2023-03-20 15:45:05","0","3","4"),
("113","0116","OMEPRAZOL1","3.00","5.00","0","","1","2023-03-20 16:28:21","0","3","4"),
("114","00117","NEUTROGENA ULTRA SHEER 75","6.00","15.00","1","","1","2023-03-21 09:50:22","1","2","4");




CREATE TABLE `proveedor` (
  `id` int(11) NOT NULL AUTO_INCREMENT,
  `rif` int(12) NOT NULL,
  `nombre` varchar(100) NOT NULL,
  `telefono` varchar(50) NOT NULL,
  `correo` varchar(50) NOT NULL,
  `direccion` varchar(100) NOT NULL,
  `fecha` timestamp NOT NULL DEFAULT current_timestamp() ON UPDATE current_timestamp(),
  `estado` int(11) NOT NULL DEFAULT 1,
  PRIMARY KEY (`id`)
) ENGINE=InnoDB AUTO_INCREMENT=3 DEFAULT CHARSET=latin1 COLLATE=latin1_swedish_ci;


INSERT INTO proveedor VALUES
("1","405035463","LA ESTRELLA","04128500281","laestrella@gmail.com","<p>Los Olivos&nbsp;</p>","2023-03-07 10:44:14","1"),
("2","501360278","DISTRIBUIDORA M&M","04148597597","DISTRINUIDORA@GMAIL.COM","<p>CIUDAD BOLIVAR&nbsp;</p>","2023-03-07 10:47:37","1");




CREATE TABLE `usuarios` (
  `id` int(11) NOT NULL AUTO_INCREMENT,
  `ci` varchar(12) NOT NULL,
  `nombre` varchar(100) NOT NULL,
  `apellido` varchar(100) NOT NULL,
  `correo` varchar(80) NOT NULL,
  `telefono` varchar(20) NOT NULL,
  `direccion` varchar(100) NOT NULL,
  `perfil` varchar(50) DEFAULT NULL,
  `clave` varchar(100) NOT NULL,
  `token` varchar(100) DEFAULT NULL,
  `fecha` timestamp NOT NULL DEFAULT current_timestamp() ON UPDATE current_timestamp(),
  `estado` int(11) NOT NULL DEFAULT 1,
  `rol` int(11) NOT NULL,
  PRIMARY KEY (`id`)
) ENGINE=InnoDB AUTO_INCREMENT=5 DEFAULT CHARSET=latin1 COLLATE=latin1_swedish_ci;


INSERT INTO usuarios VALUES
("1","22590454","GARIC DIAZ","INGSHOP","ingshopve@gmail.com","04249219865","CC. Los Olivos local 12. Puerto Ordaz- Estado Bolivar","","$2y$10$CZPm1Z7dyXxSs.l2Oxy3relCxmqejDh6HoBq2rH79U8IRXrOqj2Ju","","2023-03-03 10:49:14","1","1");




CREATE TABLE `ventas` (
  `id` int(11) NOT NULL AUTO_INCREMENT,
  `productos` longtext NOT NULL,
  `total` decimal(10,2) NOT NULL,
  `fecha` timestamp NOT NULL DEFAULT current_timestamp() ON UPDATE current_timestamp(),
  `metodo` varchar(15) NOT NULL,
  `descuento` decimal(10,2) NOT NULL DEFAULT 0.00,
  `serie` varchar(20) NOT NULL,
  `estado` int(11) NOT NULL DEFAULT 1,
  `apertura` int(11) NOT NULL DEFAULT 1,
  `id_cliente` int(11) NOT NULL,
  `id_usuario` int(11) NOT NULL,
  PRIMARY KEY (`id`),
  KEY `id_cliente` (`id_cliente`),
  KEY `id_usuario` (`id_usuario`),
  CONSTRAINT `ventas_ibfk_1` FOREIGN KEY (`id_cliente`) REFERENCES `clientes` (`id`),
  CONSTRAINT `ventas_ibfk_2` FOREIGN KEY (`id_usuario`) REFERENCES `usuarios` (`id`)
) ENGINE=InnoDB AUTO_INCREMENT=144 DEFAULT CHARSET=latin1 COLLATE=latin1_swedish_ci;


INSERT INTO ventas VALUES
("1","[{\"id\":\"3\",\"nombre\":\"SPEED MAX\",\"precio\":\"1.00\",\"cantidad\":1},{\"id\":\"4\",\"nombre\":\"JIF MANI\",\"precio\":\"5.00\",\"cantidad\":1}]","6.00","2023-03-07 10:53:29","CREDITO","0.00","0001","1","0","1","1"),
("2","[{\"id\":\"3\",\"nombre\":\"SPEED MAX\",\"precio\":\"1.00\",\"cantidad\":1},{\"id\":\"5\",\"nombre\":\"CHIPS AHOY MINI 99\",\"precio\":\"3.00\",\"cantidad\":1}]","4.00","2023-03-07 10:53:29","CONTADO","0.00","0002","0","0","2","1"),
("3","[{\"id\":\"3\",\"nombre\":\"SPEED MAX\",\"precio\":\"1.00\",\"cantidad\":1},{\"id\":\"5\",\"nombre\":\"CHIPS AHOY MINI 99\",\"precio\":\"3.00\",\"cantidad\":1}]","4.00","2023-03-10 10:21:29","CREDITO","0.00","0003","2","0","2","1"),
("4","[{\"id\":\"2\",\"nombre\":\"GATORADE 500ML FRUTOS\",\"precio\":\"2.00\",\"cantidad\":2},{\"id\":\"3\",\"nombre\":\"SPEED MAX\",\"precio\":\"1.00\",\"cantidad\":1}]","5.00","2023-03-07 10:53:29","CREDITO","0.00","0004","0","0","1","1"),
("5","[{\"id\":\"3\",\"nombre\":\"SPEED MAX\",\"precio\":\"1.00\",\"cantidad\":\"1\"},{\"id\":\"7\",\"nombre\":\"CAFE NEGRO\",\"precio\":\"5.00\",\"cantidad\":1}]","6.00","2023-03-07 10:53:29","CREDITO","0.00","0005","1","0","4","1"),
("6","[{\"id\":\"2\",\"nombre\":\"GATORADE 500ML FRUTOS\",\"precio\":\"2.00\",\"cantidad\":1},{\"id\":\"3\",\"nombre\":\"SPEED MAX\",\"precio\":\"1.00\",\"cantidad\":1}]","3.00","2023-03-07 10:53:29","CREDITO","0.00","0006","1","0","1","1"),
("7","[{\"id\":\"6\",\"nombre\":\"BATIDO PROTEINA\",\"precio\":\"3.00\",\"cantidad\":1}]","3.00","2023-03-07 10:53:29","CREDITO","0.00","0007","1","0","3","1"),
("8","[{\"id\":\"2\",\"nombre\":\"GATORADE 500ML FRUTOS\",\"precio\":\"2.00\",\"cantidad\":1},{\"id\":\"3\",\"nombre\":\"SPEED MAX\",\"precio\":\"1.00\",\"cantidad\":1}]","3.00","2023-03-07 10:53:29","CREDITO","0.00","0008","0","0","5","1"),
("9","[{\"id\":\"3\",\"nombre\":\"SPEED MAX\",\"precio\":\"1.00\",\"cantidad\":1},{\"id\":\"2\",\"nombre\":\"GATORADE 500ML FRUTOS\",\"precio\":\"2.00\",\"cantidad\":\"2\"}]","5.00","2023-03-07 10:53:29","CREDITO","0.00","0009","1","0","5","1"),
("10","[{\"id\":\"1\",\"nombre\":\"AGUA MINERAL MINALBA 600 CM3\",\"precio\":\"0.80\",\"cantidad\":1},{\"id\":\"2\",\"nombre\":\"GATORADE 500ML FRUTOS\",\"precio\":\"2.00\",\"cantidad\":1},{\"id\":\"11\",\"nombre\":\"CHIPS AHOY 13\",\"precio\":\"6.00\",\"cantidad\":1}]","8.80","2023-03-07 10:53:29","CREDITO","0.00","0010","1","0","6","1"),
("11","[{\"id\":\"9\",\"nombre\":\"BATIDO PROTEINA EXTRA\",\"precio\":\"3.25\",\"cantidad\":\"2\"}]","6.50","2023-03-07 10:53:29","CREDITO","0.00","0011","1","0","7","1"),
("12","[{\"id\":\"6\",\"nombre\":\"BATIDO PROTEINA\",\"precio\":\"3.00\",\"cantidad\":1}]","3.00","2023-03-07 10:53:29","CREDITO","0.00","0012","1","0","8","1"),
("13","[{\"id\":\"3\",\"nombre\":\"SPEED MAX\",\"precio\":\"1.00\",\"cantidad\":1}]","1.00","2023-03-08 08:09:33","CREDITO","0.00","0013","1","0","10","1"),
("14","[{\"id\":\"1\",\"nombre\":\"AGUA MINERAL MINALBA 600 CM3\",\"precio\":\"0.80\",\"cantidad\":1}]","0.80","2023-03-08 08:09:33","CREDITO","0.00","0014","1","0","6","1"),
("15","[{\"id\":\"6\",\"nombre\":\"BATIDO PROTEINA\",\"precio\":\"3.00\",\"cantidad\":1}]","3.00","2023-03-08 08:09:33","CREDITO","0.00","0015","1","0","3","1"),
("16","[{\"id\":\"6\",\"nombre\":\"BATIDO PROTEINA\",\"precio\":\"3.00\",\"cantidad\":1}]","3.00","2023-03-08 00:00:00","CREDITO","0.00","0016","1","1","11","1"),
("17","[{\"id\":\"15\",\"nombre\":\"MUSCLETECH CELL TECH (120 SERV\",\"precio\":\"35.00\",\"cantidad\":1}]","35.00","2023-03-21 09:38:09","CREDITO","0.00","0017","0","1","12","1"),
("18","[{\"id\":\"6\",\"nombre\":\"BATIDO PROTEINA\",\"precio\":\"3.00\",\"cantidad\":1}]","3.00","2023-03-08 00:00:00","CREDITO","0.00","0018","1","1","3","1"),
("19","[{\"id\":\"1\",\"nombre\":\"AGUA MINERAL MINALBA 600 CM3\",\"precio\":\"0.80\",\"cantidad\":1}]","0.80","2023-03-09 00:00:00","CREDITO","0.00","0019","1","1","6","1"),
("20","[{\"id\":\"2\",\"nombre\":\"GATORADE 500ML FRUTOS\",\"precio\":\"2.00\",\"cantidad\":\"1\"}]","2.00","2023-03-09 00:00:00","CREDITO","0.00","0020","1","1","13","1"),
("21","[{\"id\":\"3\",\"nombre\":\"SPEED MAX\",\"precio\":\"1.00\",\"cantidad\":1}]","1.00","2023-03-09 00:00:00","CREDITO","0.00","0021","1","1","6","1"),
("22","[{\"id\":\"2\",\"nombre\":\"GATORADE 500ML FRUTOS\",\"precio\":\"2.00\",\"cantidad\":\"2\"}]","4.00","2023-03-09 00:00:00","CREDITO","0.00","0022","1","1","13","1"),
("23","[{\"id\":\"9\",\"nombre\":\"BATIDO PROTEINA EXTRA\",\"precio\":\"3.25\",\"cantidad\":\"2\"}]","6.50","2023-03-09 00:00:00","CONTADO","0.00","0023","1","1","14","1"),
("24","[{\"id\":\"3\",\"nombre\":\"SPEED MAX\",\"precio\":\"1.00\",\"cantidad\":1}]","1.00","2023-03-10 00:00:00","CREDITO","0.00","0024","1","1","14","1"),
("25","[{\"id\":\"3\",\"nombre\":\"SPEED MAX\",\"precio\":\"1.00\",\"cantidad\":1}]","1.00","2023-03-10 00:00:00","CREDITO","0.00","0025","1","1","16","1"),
("26","[{\"id\":\"9\",\"nombre\":\"BATIDO PROTEINA EXTRA\",\"precio\":\"3.25\",\"cantidad\":\"2\"}]","6.50","2023-03-10 00:00:00","CONTADO","0.00","0026","1","1","17","1"),
("27","[{\"id\":\"9\",\"nombre\":\"BATIDO PROTEINA EXTRA\",\"precio\":\"3.25\",\"cantidad\":\"2\"}]","6.50","2023-03-10 00:00:00","CREDITO","0.00","0027","1","1","14","1"),
("28","[{\"id\":\"9\",\"nombre\":\"BATIDO PROTEINA EXTRA\",\"precio\":\"3.25\",\"cantidad\":\"2\"}]","6.50","2023-03-10 00:00:00","CREDITO","0.00","0028","1","1","17","1"),
("29","[{\"id\":\"9\",\"nombre\":\"BATIDO PROTEINA EXTRA\",\"precio\":\"3.25\",\"cantidad\":1}]","3.25","2023-03-10 00:00:00","CREDITO","0.00","0029","1","1","18","1"),
("30","[{\"id\":\"6\",\"nombre\":\"BATIDO PROTEINA\",\"precio\":\"3.00\",\"cantidad\":1}]","3.00","2023-03-10 00:00:00","CONTADO","0.00","0030","1","1","3","1"),
("31","[{\"id\":\"1\",\"nombre\":\"AGUA MINERAL MINALBA 600 CM3\",\"precio\":\"0.80\",\"cantidad\":1}]","0.80","2023-03-10 00:00:00","CREDITO","0.00","0031","1","1","6","1"),
("32","[{\"id\":\"15\",\"nombre\":\"MUSCLETECH CELL TECH (120 SERV\",\"precio\":\"35.00\",\"cantidad\":1}]","35.00","2023-03-14 07:31:47","CREDITO","0.00","0032","0","1","19","1"),
("33","[{\"id\":\"7\",\"nombre\":\"CAFE NEGRO\",\"precio\":\"5.00\",\"cantidad\":\"2\"}]","10.00","2023-03-14 07:31:53","CREDITO","0.00","0033","0","1","19","1"),
("34","[{\"id\":\"2\",\"nombre\":\"GATORADE 500ML FRUTOS\",\"precio\":\"2.00\",\"cantidad\":1}]","2.00","2023-03-11 00:00:00","CONTADO","0.00","0034","1","1","15","1"),
("35","[{\"id\":\"2\",\"nombre\":\"GATORADE 500ML FRUTOS\",\"precio\":\"2.00\",\"cantidad\":1}]","2.00","2023-03-11 00:00:00","CREDITO","0.00","0035","1","1","6","1"),
("36","[{\"id\":\"24\",\"nombre\":\"BODY FORTRESS ISOLATE\",\"precio\":\"40.00\",\"cantidad\":1}]","40.00","2023-03-13 00:00:00","CREDITO","0.00","0036","1","1","7","1"),
("37","[{\"id\":\"9\",\"nombre\":\"BATIDO PROTEINA EXTRA\",\"precio\":\"3.25\",\"cantidad\":1}]","3.25","2023-03-13 00:00:00","CREDITO","0.00","0037","1","1","2","1"),
("38","[{\"id\":\"7\",\"nombre\":\"CAFE NEGRO\",\"precio\":\"5.00\",\"cantidad\":\"4\"}]","20.00","2023-03-13 00:00:00","CONTADO","0.00","0038","1","1","20","1"),
("39","[{\"id\":\"7\",\"nombre\":\"CAFE NEGRO\",\"precio\":\"5.00\",\"cantidad\":\"4\"}]","20.00","2023-03-13 00:00:00","CREDITO","0.00","0039","1","1","20","1"),
("40","[{\"id\":\"7\",\"nombre\":\"CAFE NEGRO\",\"precio\":\"5.00\",\"cantidad\":\"3\"}]","15.00","2023-03-13 00:00:00","CREDITO","0.00","0040","1","1","4","1"),
("41","[{\"id\":\"1\",\"nombre\":\"AGUA MINERAL MINALBA 600 CM3\",\"precio\":\"0.80\",\"cantidad\":1},{\"id\":\"2\",\"nombre\":\"GATORADE 500ML FRUTOS\",\"precio\":\"2.00\",\"cantidad\":1}]","2.80","2023-03-13 00:00:00","CONTADO","0.00","0041","1","1","22","1"),
("42","[{\"id\":\"26\",\"nombre\":\"BARRITAS\",\"precio\":\"1.00\",\"cantidad\":\"2\"}]","2.00","2023-03-13 00:00:00","CREDITO","0.00","0042","1","1","21","1"),
("43","[{\"id\":\"2\",\"nombre\":\"GATORADE 500ML FRUTOS\",\"precio\":\"2.00\",\"cantidad\":\"2\"},{\"id\":\"7\",\"nombre\":\"CAFE NEGRO\",\"precio\":\"5.00\",\"cantidad\":1}]","9.00","2023-03-13 00:00:00","CREDITO","0.00","0043","1","1","23","1"),
("44","[{\"id\":\"2\",\"nombre\":\"GATORADE 500ML FRUTOS\",\"precio\":\"2.00\",\"cantidad\":1}]","2.00","2023-03-13 00:00:00","CREDITO","0.00","0044","1","1","24","1"),
("45","[{\"id\":\"9\",\"nombre\":\"BATIDO PROTEINA EXTRA\",\"precio\":\"3.25\",\"cantidad\":\"2\"}]","6.50","2023-03-13 00:00:00","CONTADO","0.00","0045","1","1","15","1"),
("46","[{\"id\":\"27\",\"nombre\":\"CHIPS AHOY 510\",\"precio\":\"7.00\",\"cantidad\":1},{\"id\":\"6\",\"nombre\":\"BATIDO PROTEINA\",\"precio\":\"3.00\",\"cantidad\":1}]","10.00","2023-03-14 00:00:00","CONTADO","0.00","0046","1","1","25","1"),
("47","[{\"id\":\"1\",\"nombre\":\"AGUA MINERAL MINALBA 600 CM3\",\"precio\":\"0.80\",\"cantidad\":1}]","0.80","2023-03-14 00:00:00","CREDITO","0.00","0047","1","1","6","1"),
("48","[{\"id\":\"13\",\"nombre\":\"CREATINA NUTRICOST\",\"precio\":\"45.00\",\"cantidad\":1}]","45.00","2023-03-14 00:00:00","CREDITO","0.00","0048","1","1","19","1"),
("49","[{\"id\":\"2\",\"nombre\":\"GATORADE 500ML FRUTOS\",\"precio\":\"2.00\",\"cantidad\":2}]","4.00","2023-03-14 00:00:00","CONTADO","0.00","0049","1","1","22","1"),
("50","[{\"id\":\"6\",\"nombre\":\"BATIDO PROTEINA\",\"precio\":\"3.00\",\"cantidad\":1}]","3.00","2023-03-14 00:00:00","CONTADO","1.00","0050","1","1","15","1"),
("51","[{\"id\":\"6\",\"nombre\":\"BATIDO PROTEINA\",\"precio\":\"3.00\",\"cantidad\":1}]","3.00","2023-03-14 00:00:00","CREDITO","0.00","0051","1","1","6","1"),
("52","[{\"id\":\"7\",\"nombre\":\"CAFE NEGRO\",\"precio\":\"5.00\",\"cantidad\":\"3\"}]","15.00","2023-03-14 00:00:00","CREDITO","0.00","0052","1","1","4","1"),
("53","[{\"id\":\"7\",\"nombre\":\"CAFE NEGRO\",\"precio\":\"5.00\",\"cantidad\":1}]","5.00","2023-03-14 00:00:00","CREDITO","0.00","0053","1","1","20","1"),
("54","[{\"id\":\"7\",\"nombre\":\"CAFE NEGRO\",\"precio\":\"5.00\",\"cantidad\":1}]","5.00","2023-03-14 00:00:00","CREDITO","0.00","0054","1","1","23","1"),
("55","[{\"id\":\"7\",\"nombre\":\"CAFE NEGRO\",\"precio\":\"5.00\",\"cantidad\":1}]","5.00","2023-03-14 00:00:00","CONTADO","0.00","0055","1","1","15","1"),
("56","[{\"id\":\"2\",\"nombre\":\"GATORADE 500ML FRUTOS\",\"precio\":\"2.00\",\"cantidad\":1}]","2.00","2023-03-14 00:00:00","CREDITO","0.00","0056","1","1","6","1"),
("57","[{\"id\":\"2\",\"nombre\":\"GATORADE 500ML FRUTOS\",\"precio\":\"2.00\",\"cantidad\":1}]","2.00","2023-03-14 00:00:00","CREDITO","0.00","0057","1","1","1","1"),
("58","[{\"id\":\"3\",\"nombre\":\"SPEED MAX\",\"precio\":\"1.00\",\"cantidad\":1}]","1.00","2023-03-14 00:00:00","CONTADO","0.00","0058","1","1","15","1"),
("59","[{\"id\":\"2\",\"nombre\":\"GATORADE 500ML FRUTOS\",\"precio\":\"2.00\",\"cantidad\":1}]","2.00","2023-03-14 00:00:00","CREDITO","0.00","0059","1","1","10","1"),
("60","[{\"id\":\"2\",\"nombre\":\"GATORADE 500ML FRUTOS\",\"precio\":\"2.00\",\"cantidad\":1}]","2.00","2023-03-15 00:00:00","CONTADO","0.00","0060","1","1","15","1"),
("61","[{\"id\":\"28\",\"nombre\":\"MAGNESIO 250MG\",\"precio\":\"6.00\",\"cantidad\":1}]","6.00","2023-03-15 00:00:00","CREDITO","0.00","0061","1","1","7","1"),
("62","[{\"id\":\"28\",\"nombre\":\"MAGNESIO 250MG\",\"precio\":\"6.00\",\"cantidad\":1}]","6.00","2023-03-15 00:00:00","CREDITO","0.00","0062","1","1","19","1"),
("63","[{\"id\":\"7\",\"nombre\":\"CAFE NEGRO\",\"precio\":\"5.00\",\"cantidad\":1}]","5.00","2023-03-15 00:00:00","CONTADO","0.00","0063","1","1","15","1"),
("64","[{\"id\":\"25\",\"nombre\":\"MONSTERS 473ML\",\"precio\":\"3.00\",\"cantidad\":1}]","3.00","2023-03-15 00:00:00","CONTADO","0.00","0064","1","1","15","1"),
("65","[{\"id\":\"29\",\"nombre\":\"SUPER COMPLEJO B 100 TAB\",\"precio\":\"9.00\",\"cantidad\":1}]","9.00","2023-03-15 00:00:00","CREDITO","0.00","0065","1","1","19","1"),
("66","[{\"id\":\"30\",\"nombre\":\"MALTA BOTELLA\",\"precio\":\"0.60\",\"cantidad\":\"2\"}]","1.20","2023-03-15 13:40:09","CREDITO","0.00","0066","0","1","15","1"),
("67","[{\"id\":\"30\",\"nombre\":\"MALTA BOTELLA\",\"precio\":\"0.60\",\"cantidad\":1}]","0.60","2023-03-15 00:00:00","CONTADO","0.00","0067","1","1","15","1"),
("68","[{\"id\":\"6\",\"nombre\":\"BATIDO PROTEINA\",\"precio\":\"3.00\",\"cantidad\":1}]","3.00","2023-03-15 00:00:00","CREDITO","0.00","0068","1","1","3","1"),
("69","[{\"id\":\"2\",\"nombre\":\"GATORADE 500ML FRUTOS\",\"precio\":\"2.00\",\"cantidad\":1}]","2.00","2023-03-15 00:00:00","CONTADO","0.00","0069","1","1","22","1"),
("70","[{\"id\":\"1\",\"nombre\":\"AGUA MINERAL MINALBA 600 CM3\",\"precio\":\"0.80\",\"cantidad\":1}]","0.80","2023-03-15 00:00:00","CREDITO","0.00","0070","1","1","20","1"),
("71","[{\"id\":\"2\",\"nombre\":\"GATORADE 500ML FRUTOS\",\"precio\":\"2.00\",\"cantidad\":1}]","2.00","2023-03-15 00:00:00","CONTADO","0.00","0071","1","1","24","1"),
("72","[{\"id\":\"30\",\"nombre\":\"MALTA BOTELLA\",\"precio\":\"0.60\",\"cantidad\":1}]","0.60","2023-03-15 00:00:00","CREDITO","0.00","0072","1","1","2","1"),
("73","[{\"id\":\"1\",\"nombre\":\"AGUA MINERAL MINALBA 600 CM3\",\"precio\":\"0.80\",\"cantidad\":1}]","0.80","2023-03-15 00:00:00","CREDITO","0.00","0073","1","1","6","1"),
("74","[{\"id\":\"6\",\"nombre\":\"BATIDO PROTEINA\",\"precio\":\"3.00\",\"cantidad\":1}]","3.00","2023-03-15 00:00:00","CREDITO","0.00","0074","1","1","6","1"),
("75","[{\"id\":\"7\",\"nombre\":\"CAFE NEGRO\",\"precio\":\"5.00\",\"cantidad\":1}]","5.00","2023-03-15 00:00:00","CREDITO","0.00","0075","1","1","13","1"),
("76","[{\"id\":\"7\",\"nombre\":\"CAFE NEGRO\",\"precio\":\"5.00\",\"cantidad\":\"2\"}]","10.00","2023-03-15 00:00:00","CREDITO","0.00","0076","1","1","4","1"),
("77","[{\"id\":\"9\",\"nombre\":\"BATIDO PROTEINA EXTRA\",\"precio\":\"3.25\",\"cantidad\":1}]","3.25","2023-03-16 00:00:00","CREDITO","0.00","0077","1","1","7","1"),
("78","[{\"id\":\"1\",\"nombre\":\"AGUA MINERAL MINALBA 600 CM3\",\"precio\":\"0.80\",\"cantidad\":1}]","0.80","2023-03-16 00:00:00","CONTADO","0.00","0078","1","1","15","1"),
("79","[{\"id\":\"30\",\"nombre\":\"MALTA BOTELLA\",\"precio\":\"0.60\",\"cantidad\":\"2\"}]","1.20","2023-03-16 00:00:00","CREDITO","0.00","0079","1","1","19","1"),
("80","[{\"id\":\"27\",\"nombre\":\"CHIPS AHOY 510\",\"precio\":\"7.00\",\"cantidad\":1}]","7.00","2023-03-16 00:00:00","CREDITO","0.00","0080","1","1","27","1"),
("81","[{\"id\":\"30\",\"nombre\":\"MALTA BOTELLA\",\"precio\":\"0.60\",\"cantidad\":1}]","0.60","2023-03-16 00:00:00","CREDITO","0.00","0081","1","1","13","1"),
("82","[{\"id\":\"1\",\"nombre\":\"AGUA MINERAL MINALBA 600 CM3\",\"precio\":\"0.80\",\"cantidad\":1}]","0.80","2023-03-16 00:00:00","CONTADO","0.00","0082","1","1","20","1"),
("83","[{\"id\":\"30\",\"nombre\":\"MALTA BOTELLA\",\"precio\":\"0.60\",\"cantidad\":1}]","0.60","2023-03-16 00:00:00","CONTADO","0.00","0083","1","1","15","1"),
("84","[{\"id\":\"2\",\"nombre\":\"GATORADE 500ML FRUTOS\",\"precio\":\"2.00\",\"cantidad\":1}]","2.00","2023-03-16 00:00:00","CREDITO","0.00","0084","1","1","6","1"),
("85","[{\"id\":\"2\",\"nombre\":\"GATORADE 500ML FRUTOS\",\"precio\":\"2.00\",\"cantidad\":1}]","2.00","2023-03-16 00:00:00","CONTADO","0.00","0085","1","1","22","1"),
("86","[{\"id\":\"6\",\"nombre\":\"BATIDO PROTEINA\",\"precio\":\"3.00\",\"cantidad\":1}]","3.00","2023-03-16 00:00:00","CONTADO","0.00","0086","1","1","6","1"),
("87","[{\"id\":\"15\",\"nombre\":\"MUSCLETECH CELL TECH (120 SERV\",\"precio\":\"35.00\",\"cantidad\":1},{\"id\":\"32\",\"nombre\":\"COL\\u00c1GENO C\",\"precio\":\"6.00\",\"cantidad\":1}]","41.00","2023-03-16 00:00:00","CONTADO","0.00","0087","1","1","15","1"),
("88","[{\"id\":\"9\",\"nombre\":\"BATIDO PROTEINA EXTRA\",\"precio\":\"3.25\",\"cantidad\":1}]","3.25","2023-03-16 00:00:00","CONTADO","0.00","0088","1","1","4","1"),
("89","[{\"id\":\"20\",\"nombre\":\"HIDROXICUT 200\",\"precio\":\"30.00\",\"cantidad\":1},{\"id\":\"33\",\"nombre\":\"DYMATIZED 20\",\"precio\":\"40.00\",\"cantidad\":1},{\"id\":\"1\",\"nombre\":\"AGUA MINERAL MINALBA 600 CM3\",\"precio\":\"0.80\",\"cantidad\":1}]","70.80","2023-03-16 17:27:36","CREDITO","0.00","0089","0","1","1","1"),
("90","[{\"id\":\"1\",\"nombre\":\"AGUA MINERAL MINALBA 600 CM3\",\"precio\":\"0.80\",\"cantidad\":1},{\"id\":\"20\",\"nombre\":\"HIDROXICUT 200\",\"precio\":\"30.00\",\"cantidad\":1},{\"id\":\"33\",\"nombre\":\"DYMATIZED 20\",\"precio\":\"40.00\",\"cantidad\":1}]","70.80","2023-03-16 17:47:04","CREDITO","0.00","0090","0","1","28","1"),
("91","[{\"id\":\"9\",\"nombre\":\"BATIDO PROTEINA EXTRA\",\"precio\":\"3.25\",\"cantidad\":1}]","3.25","2023-03-16 00:00:00","CONTADO","0.00","0091","1","1","15","1"),
("92","[{\"id\":\"20\",\"nombre\":\"HIDROXICUT 200\",\"precio\":\"30.00\",\"cantidad\":1},{\"id\":\"1\",\"nombre\":\"AGUA MINERAL MINALBA 600 CM3\",\"precio\":\"0.80\",\"cantidad\":1},{\"id\":\"33\",\"nombre\":\"DYMATIZED 20\",\"precio\":\"40.00\",\"cantidad\":1}]","70.80","2023-03-16 17:49:00","CREDITO","0.00","0092","0","1","1","1"),
("93","[{\"id\":\"1\",\"nombre\":\"AGUA MINERAL MINALBA 600 CM3\",\"precio\":\"0.80\",\"cantidad\":1},{\"id\":\"20\",\"nombre\":\"HIDROXICUT 200\",\"precio\":\"30.00\",\"cantidad\":1},{\"id\":\"33\",\"nombre\":\"DYMATIZED 20\",\"precio\":\"40.00\",\"cantidad\":1}]","70.80","2023-03-16 00:00:00","CREDITO","0.00","0093","1","1","28","1"),
("94","[{\"id\":\"30\",\"nombre\":\"MALTA BOTELLA\",\"precio\":\"0.60\",\"cantidad\":1}]","0.60","2023-03-16 00:00:00","CONTADO","0.00","0094","1","1","15","1"),
("95","[{\"id\":\"30\",\"nombre\":\"MALTA BOTELLA\",\"precio\":\"0.60\",\"cantidad\":1}]","0.60","2023-03-16 00:00:00","CREDITO","0.00","0095","1","1","2","1"),
("96","[{\"id\":\"1\",\"nombre\":\"AGUA MINERAL MINALBA 600 CM3\",\"precio\":\"0.80\",\"cantidad\":1}]","0.80","2023-03-16 00:00:00","CONTADO","0.00","0096","1","1","15","1"),
("97","[{\"id\":\"34\",\"nombre\":\"DERMISA\",\"precio\":\"12.00\",\"cantidad\":1}]","12.00","2023-03-16 00:00:00","CONTADO","0.00","0097","1","1","15","1"),
("98","[{\"id\":\"1\",\"nombre\":\"AGUA MINERAL MINALBA 600 CM3\",\"precio\":\"0.80\",\"cantidad\":1}]","0.80","2023-03-16 00:00:00","CONTADO","0.00","0098","1","1","15","1"),
("99","[{\"id\":\"1\",\"nombre\":\"AGUA MINERAL MINALBA 600 CM3\",\"precio\":\"0.80\",\"cantidad\":1}]","0.80","2023-03-17 00:00:00","CREDITO","0.00","0099","1","1","28","1"),
("100","[{\"id\":\"9\",\"nombre\":\"BATIDO PROTEINA EXTRA\",\"precio\":\"3.25\",\"cantidad\":1}]","3.25","2023-03-17 00:00:00","CREDITO","0.00","0100","1","1","25","1");
INSERT INTO ventas VALUES
("101","[{\"id\":\"1\",\"nombre\":\"AGUA MINERAL MINALBA 600 CM3\",\"precio\":\"0.80\",\"cantidad\":1},{\"id\":\"2\",\"nombre\":\"GATORADE 500ML FRUTOS\",\"precio\":\"2.00\",\"cantidad\":1}]","2.80","2023-03-17 00:00:00","CREDITO","0.00","0101","1","1","13","1"),
("102","[{\"id\":\"15\",\"nombre\":\"MUSCLETECH CELL TECH (120 SERV\",\"precio\":\"35.00\",\"cantidad\":1}]","35.00","2023-03-17 00:00:00","CREDITO","0.00","0102","1","1","25","1"),
("103","[{\"id\":\"30\",\"nombre\":\"MALTA BOTELLA\",\"precio\":\"0.60\",\"cantidad\":\"3\"}]","1.80","2023-03-17 00:00:00","CREDITO","0.00","0103","1","1","13","1"),
("104","[{\"id\":\"2\",\"nombre\":\"GATORADE 500ML FRUTOS\",\"precio\":\"2.00\",\"cantidad\":1}]","2.00","2023-03-17 00:00:00","CREDITO","0.00","0104","1","1","6","1"),
("105","[{\"id\":\"6\",\"nombre\":\"BATIDO PROTEINA\",\"precio\":\"3.00\",\"cantidad\":1}]","3.00","2023-03-17 00:00:00","CONTADO","0.00","0105","1","1","3","1"),
("106","[{\"id\":\"1\",\"nombre\":\"AGUA MINERAL MINALBA 600 CM3\",\"precio\":\"0.80\",\"cantidad\":1}]","0.80","2023-03-18 00:00:00","CREDITO","0.00","0106","1","1","13","1"),
("107","[{\"id\":\"35\",\"nombre\":\"MAGNESIO 500MG\",\"precio\":\"15.00\",\"cantidad\":1}]","15.00","2023-03-18 00:00:00","CONTADO","0.00","0107","1","1","15","1"),
("108","[{\"id\":\"35\",\"nombre\":\"MAGNESIO 500MG\",\"precio\":\"15.00\",\"cantidad\":1}]","15.00","2023-03-18 00:00:00","CONTADO","0.00","0108","1","1","15","1"),
("109","[{\"id\":\"34\",\"nombre\":\"DERMISA\",\"precio\":\"12.00\",\"cantidad\":1}]","12.00","2023-03-18 00:00:00","CONTADO","0.00","0109","1","1","15","1"),
("110","[{\"id\":\"34\",\"nombre\":\"DERMISA\",\"precio\":\"12.00\",\"cantidad\":1}]","12.00","2023-03-18 00:00:00","CONTADO","0.00","0110","1","1","15","1"),
("111","[{\"id\":\"4\",\"nombre\":\"JIF MANI\",\"precio\":\"5.00\",\"cantidad\":1}]","5.00","2023-03-18 00:00:00","CONTADO","0.00","0111","1","1","15","1"),
("112","[{\"id\":\"23\",\"nombre\":\"SIXSTAR WHEY PROTEIN\",\"precio\":\"35.00\",\"cantidad\":1}]","35.00","2023-03-18 00:00:00","CONTADO","0.00","0112","1","1","26","1"),
("113","[{\"id\":\"9\",\"nombre\":\"BATIDO PROTEINA EXTRA\",\"precio\":\"3.25\",\"cantidad\":1}]","3.25","2023-03-18 00:00:00","CONTADO","0.00","0113","1","1","15","1"),
("114","[{\"id\":\"36\",\"nombre\":\"JIF MAN\\u00cd (1.13KG)\",\"precio\":\"10.00\",\"cantidad\":1}]","10.00","2023-03-20 00:00:00","CONTADO","0.00","0114","1","1","15","1"),
("115","[{\"id\":\"26\",\"nombre\":\"BARRITAS\",\"precio\":\"1.00\",\"cantidad\":1}]","1.00","2023-03-20 00:00:00","CREDITO","0.00","0115","1","1","2","1"),
("116","[{\"id\":\"7\",\"nombre\":\"CAFE NEGRO\",\"precio\":\"0.20\",\"cantidad\":\"2\"}]","0.40","2023-03-20 00:00:00","CONTADO","0.00","0116","1","1","15","1"),
("117","[{\"id\":\"30\",\"nombre\":\"MALTA BOTELLA\",\"precio\":\"0.60\",\"cantidad\":\"3\"}]","1.80","2023-03-20 00:00:00","CREDITO","0.00","0117","1","1","2","1"),
("118","[{\"id\":\"6\",\"nombre\":\"BATIDO PROTEINA\",\"precio\":\"3.00\",\"cantidad\":1}]","3.00","2023-03-20 00:00:00","CONTADO","0.00","0118","1","1","1","1"),
("119","[{\"id\":\"26\",\"nombre\":\"BARRITAS\",\"precio\":\"1.00\",\"cantidad\":\"1\"}]","1.00","2023-03-20 00:00:00","CREDITO","0.00","0119","1","1","25","1"),
("120","[{\"id\":\"52\",\"nombre\":\"GLADE (WARMER)\",\"precio\":\"5.00\",\"cantidad\":\"2\"},{\"id\":\"51\",\"nombre\":\"GLADE (PLUGINS)\",\"precio\":\"12.00\",\"cantidad\":1}]","22.00","2023-03-20 00:00:00","CREDITO","0.00","0120","1","1","19","1"),
("121","[{\"id\":\"53\",\"nombre\":\"PISTACHOS (NO SHELLS 21G)\",\"precio\":\"1.50\",\"cantidad\":1}]","1.50","2023-03-20 00:00:00","CONTADO","0.00","0121","1","1","3","1"),
("122","[{\"id\":\"23\",\"nombre\":\"SIXSTAR WHEY PROTEIN\",\"precio\":\"35.00\",\"cantidad\":1}]","35.00","2023-03-20 00:00:00","CONTADO","0.00","0122","1","1","15","1"),
("123","[{\"id\":\"76\",\"nombre\":\"DOVE DESODORANTE\",\"precio\":\"6.00\",\"cantidad\":1}]","6.00","2023-03-20 00:00:00","CREDITO","0.00","0123","1","1","29","1"),
("124","[{\"id\":\"53\",\"nombre\":\"PISTACHOS PEQUE\\u00d1OS\",\"precio\":\"1.50\",\"cantidad\":1}]","1.50","2023-03-20 00:00:00","CREDITO","0.00","0124","1","1","30","1"),
("125","[{\"id\":\"3\",\"nombre\":\"SPEED MAX\",\"precio\":\"1.00\",\"cantidad\":1}]","1.00","2023-03-20 00:00:00","CREDITO","0.00","0125","1","1","24","1"),
("126","[{\"id\":\"7\",\"nombre\":\"CAFE NEGRO\",\"precio\":\"0.20\",\"cantidad\":1}]","0.20","2023-03-20 00:00:00","CREDITO","0.00","0126","1","1","20","1"),
("127","[{\"id\":\"7\",\"nombre\":\"CAFE NEGRO\",\"precio\":\"0.20\",\"cantidad\":1}]","0.20","2023-03-20 00:00:00","CREDITO","0.00","0127","1","1","20","1"),
("128","[{\"id\":\"7\",\"nombre\":\"CAFE NEGRO\",\"precio\":\"0.20\",\"cantidad\":1}]","0.20","2023-03-20 00:00:00","CREDITO","0.00","0128","1","1","6","1"),
("129","[{\"id\":\"3\",\"nombre\":\"SPEED MAX\",\"precio\":\"1.00\",\"cantidad\":\"2\"}]","2.00","2023-03-20 00:00:00","CONTADO","0.00","0129","1","1","15","1"),
("130","[{\"id\":\"2\",\"nombre\":\"GATORADE 500ML FRUTOS\",\"precio\":\"2.00\",\"cantidad\":\"2\"},{\"id\":\"26\",\"nombre\":\"BARRITAS\",\"precio\":\"1.00\",\"cantidad\":1},{\"id\":\"30\",\"nombre\":\"MALTA BOTELLA\",\"precio\":\"0.60\",\"cantidad\":1}]","5.60","2023-03-20 00:00:00","CREDITO","0.00","0130","1","1","31","1"),
("131","[{\"id\":\"1\",\"nombre\":\"AGUA MINERAL MINALBA 600 CM3\",\"precio\":\"0.80\",\"cantidad\":1}]","0.80","2023-03-20 00:00:00","CREDITO","0.00","0131","1","1","6","1"),
("132","[{\"id\":\"6\",\"nombre\":\"BATIDO PROTEINA\",\"precio\":\"3.00\",\"cantidad\":1}]","3.00","2023-03-20 00:00:00","CREDITO","0.00","0132","1","1","6","1"),
("133","[{\"id\":\"65\",\"nombre\":\"PISTACHOS (NO SHELLS 340G)\",\"precio\":\"15.00\",\"cantidad\":1}]","15.00","2023-03-20 00:00:00","CREDITO","0.00","0133","1","1","27","1"),
("134","[{\"id\":\"1\",\"nombre\":\"AGUA MINERAL MINALBA 600 CM3\",\"precio\":\"0.80\",\"cantidad\":1}]","0.80","2023-03-20 00:00:00","CREDITO","0.00","0134","1","1","2","1"),
("135","[{\"id\":\"9\",\"nombre\":\"BATIDO PROTEINA EXTRA\",\"precio\":\"3.25\",\"cantidad\":1}]","3.25","2023-03-20 00:00:00","CREDITO","0.00","0135","1","1","14","1"),
("136","[{\"id\":\"25\",\"nombre\":\"MONSTERS 473ML\",\"precio\":\"3.00\",\"cantidad\":1}]","3.00","2023-03-20 00:00:00","CONTADO","0.00","0136","1","1","15","1"),
("137","[{\"id\":\"43\",\"nombre\":\"PROTEINA ISOLATADA BODY\",\"precio\":\"40.00\",\"cantidad\":1}]","40.00","2023-03-20 00:00:00","CONTADO","0.00","0137","1","1","15","1"),
("138","[{\"id\":\"48\",\"nombre\":\"CONTIGO (SHAKERS)\",\"precio\":\"15.00\",\"cantidad\":1}]","15.00","2023-03-20 00:00:00","CREDITO","0.00","0138","1","1","18","1"),
("139","[{\"id\":\"9\",\"nombre\":\"BATIDO PROTEINA EXTRA\",\"precio\":\"3.25\",\"cantidad\":1}]","3.25","2023-03-21 00:00:00","CREDITO","0.00","0139","1","1","21","1"),
("140","[{\"id\":\"44\",\"nombre\":\"GUANTES\",\"precio\":\"15.00\",\"cantidad\":1}]","15.00","2023-03-21 00:00:00","CREDITO","0.00","0140","1","1","28","1"),
("141","[{\"id\":\"44\",\"nombre\":\"GUANTES\",\"precio\":\"15.00\",\"cantidad\":1}]","15.00","2023-03-21 00:00:00","CREDITO","0.00","0141","1","1","28","1"),
("142","[{\"id\":\"59\",\"nombre\":\"PROTEINA MUSCLETECH (4LB)\",\"precio\":\"75.00\",\"cantidad\":1},{\"id\":\"15\",\"nombre\":\"MUSCLETECH CELL TECH (120 SERV\",\"precio\":\"35.00\",\"cantidad\":1},{\"id\":\"44\",\"nombre\":\"GUANTES\",\"precio\":\"15.00\",\"cantidad\":1},{\"id\":\"114\",\"nombre\":\"NEUTROGENA ULTRA SHEER 75\",\"precio\":\"15.00\",\"cantidad\":1},{\"id\":\"108\",\"nombre\":\"TRESEMM\\u00c9 (COMBO (2))\",\"precio\":\"18.00\",\"cantidad\":1}]","158.00","2023-03-21 00:00:00","CREDITO","10.00","0142","1","1","12","1"),
("143","[{\"id\":33,\"nombre\":\"DYMATIZED (20 SERV)\",\"precio\":\"40.00\",\"cantidad\":\"3\"}]","120.00","2023-03-21 00:00:00","CONTADO","0.00","0143","1","1","12","1");


